id,name,brand,categoryId,mpn,mpn_confidence
"cpu-amd-amd-ryzen-3-3100","AMD Ryzen 3 3100","AMD","cpu","100-100000284BOX","high"
"cpu-amd-amd-ryzen-3-3300x","AMD Ryzen 3 3300X","AMD","cpu","100-100000159BOX","high"
"cpu-amd-amd-ryzen-5-3600","AMD Ryzen 5 3600","AMD","cpu","100-100000031BOX","high"
"cpu-amd-amd-ryzen-5-3600xt","AMD Ryzen 5 3600XT","AMD","cpu","100-100000281BOX","high"
"cpu-amd-amd-ryzen-7-3700x","AMD Ryzen 7 3700X","AMD","cpu","100-100000071BOX","high"
"cpu-amd-amd-ryzen-7-3800xt","AMD Ryzen 7 3800XT","AMD","cpu","100-100000279BOX","high"
"cpu-amd-amd-ryzen-9-3900xt","AMD Ryzen 9 3900XT","AMD","cpu","100-100000277BOX","high"
"cpu-amd-amd-ryzen-9-3950x","AMD Ryzen 9 3950X","AMD","cpu","100-100000051BOX","high"
"cpu-amd-amd-ryzen-5-4500","AMD Ryzen 5 4500","AMD","cpu","100-100000644BOX","high"
"cpu-amd-amd-ryzen-5-4600g","AMD Ryzen 5 4600G","AMD","cpu","100-100000147BOX","medium"
"cpu-amd-amd-ryzen-5-5500","AMD Ryzen 5 5500","AMD","cpu","100-100000457BOX","high"
"cpu-amd-amd-ryzen-5-5600","AMD Ryzen 5 5600","AMD","cpu","100-100000927BOX","high"
"cpu-amd-amd-ryzen-5-5600g","AMD Ryzen 5 5600G","AMD","cpu","100-100000252BOX","high"
"cpu-amd-amd-ryzen-5-5600x","AMD Ryzen 5 5600X","AMD","cpu","100-100000065BOX","high"
"cpu-amd-amd-ryzen-5-5600x3d","AMD Ryzen 5 5600X3D","AMD","cpu","100-100001238BOX","medium"
"cpu-amd-amd-ryzen-7-5700g","AMD Ryzen 7 5700G","AMD","cpu","100-100000263BOX","high"
"cpu-amd-amd-ryzen-7-5700x","AMD Ryzen 7 5700X","AMD","cpu","100-100000926BOX","high"
"cpu-amd-amd-ryzen-7-5700x3d","AMD Ryzen 7 5700X3D","AMD","cpu","100-100001503BOX","medium"
"cpu-amd-amd-ryzen-7-5800x","AMD Ryzen 7 5800X","AMD","cpu","100-100000063BOX","high"
"cpu-amd-amd-ryzen-7-5800x3d","AMD Ryzen 7 5800X3D","AMD","cpu","100-100000651BOX","high"
"cpu-amd-amd-ryzen-9-5900x","AMD Ryzen 9 5900X","AMD","cpu","100-100000061WOF","high"
"cpu-amd-amd-ryzen-9-5950x","AMD Ryzen 9 5950X","AMD","cpu","100-100000059WOF","high"
"cpu-amd-amd-ryzen-5-7500f","AMD Ryzen 5 7500F","AMD","cpu","100-100000597BOX","medium"
"cpu-amd-amd-ryzen-5-7600","AMD Ryzen 5 7600","AMD","cpu","100-100001015BOX","medium"
"cpu-amd-amd-ryzen-5-7600x","AMD Ryzen 5 7600X","AMD","cpu","100-100000593WOF","high"
"cpu-amd-amd-ryzen-7-7700","AMD Ryzen 7 7700","AMD","cpu","100-100001335BOX","medium"
"cpu-amd-amd-ryzen-7-7700x","AMD Ryzen 7 7700X","AMD","cpu","100-100000591WOF","high"
"cpu-amd-amd-ryzen-7-7800x3d","AMD Ryzen 7 7800X3D","AMD","cpu","100-100000910WOF","high"
"cpu-amd-amd-ryzen-9-7900","AMD Ryzen 9 7900","AMD","cpu","100-100000590BOX","medium"
"cpu-amd-amd-ryzen-9-7900x","AMD Ryzen 9 7900X","AMD","cpu","100-100000589WOF","high"
"cpu-amd-amd-ryzen-9-7900x3d","AMD Ryzen 9 7900X3D","AMD","cpu","100-100000909WOF","medium"
"cpu-amd-amd-ryzen-9-7950x","AMD Ryzen 9 7950X","AMD","cpu","100-100000514WOF","medium"
"cpu-amd-amd-ryzen-9-7950x3d","AMD Ryzen 9 7950X3D","AMD","cpu","100-100000908WOF","medium"
"cpu-amd-amd-ryzen-5-8500g","AMD Ryzen 5 8500G","AMD","cpu","100-100000931BOX","medium"
"cpu-amd-amd-ryzen-5-8600g","AMD Ryzen 5 8600G","AMD","cpu","100-100000994BOX","medium"
"cpu-amd-amd-ryzen-7-8700g","AMD Ryzen 7 8700G","AMD","cpu","100-100000263BOX","medium"
"cpu-amd-amd-ryzen-5-9600x","AMD Ryzen 5 9600X","AMD","cpu","100-100001405BOX","medium"
"cpu-amd-amd-ryzen-7-9700x","AMD Ryzen 7 9700X","AMD","cpu","100-100001404BOX","medium"
"cpu-amd-amd-ryzen-7-9800x3d","AMD Ryzen 7 9800X3D","AMD","cpu","100-100001770BOX","medium"
"cpu-amd-amd-ryzen-9-9900x","AMD Ryzen 9 9900X","AMD","cpu","100-100001561BOX","medium"
"cpu-amd-amd-ryzen-9-9900x3d","AMD Ryzen 9 9900X3D","AMD","cpu","100-100001359BOX","medium"
"cpu-amd-amd-ryzen-9-9950x","AMD Ryzen 9 9950X","AMD","cpu","100-100001277BOX","medium"
"cpu-amd-amd-ryzen-9-9950x3d","AMD Ryzen 9 9950X3D","AMD","cpu","100-100001360BOX","medium"
"cpu-intel-intel-core-i3-10100","Intel Core i3-10100","Intel","cpu","BX8070110100","high"
"cpu-intel-intel-core-i3-10100f","Intel Core i3-10100F","Intel","cpu","BX8070110100F","high"
"cpu-intel-intel-core-i5-10400","Intel Core i5-10400","Intel","cpu","BX8070110400","high"
"cpu-intel-intel-core-i5-10400f","Intel Core i5-10400F","Intel","cpu","BX8070110400F","high"
"cpu-intel-intel-core-i5-10600k","Intel Core i5-10600K","Intel","cpu","BX8070110600K","high"
"cpu-intel-intel-core-i7-10700k","Intel Core i7-10700K","Intel","cpu","BX8070110700K","high"
"cpu-intel-intel-core-i9-10900k","Intel Core i9-10900K","Intel","cpu","BX8070110900K","high"
"cpu-intel-intel-core-i9-10900kf","Intel Core i9-10900KF","Intel","cpu","BX8070810900KF","high"
"cpu-intel-intel-core-i5-11400","Intel Core i5-11400","Intel","cpu","BX8070811400","high"
"cpu-intel-intel-core-i5-11400f","Intel Core i5-11400F","Intel","cpu","BX8070811400F","high"
"cpu-intel-intel-core-i5-11600k","Intel Core i5-11600K","Intel","cpu","BX8070811600K","high"
"cpu-intel-intel-core-i7-11700k","Intel Core i7-11700K","Intel","cpu","BX8070811700K","high"
"cpu-intel-intel-core-i9-11900k","Intel Core i9-11900K","Intel","cpu","BX8070811900K","high"
"cpu-intel-intel-core-i9-11900kf","Intel Core i9-11900KF","Intel","cpu","BX8070811900KF","high"
"cpu-intel-intel-core-i3-12100","Intel Core i3-12100","Intel","cpu","BX8071512100","high"
"cpu-intel-intel-core-i3-12100f","Intel Core i3-12100F","Intel","cpu","BX8071512100F","high"
"cpu-intel-intel-core-i5-12400","Intel Core i5-12400","Intel","cpu","BX8071512400","high"
"cpu-intel-intel-core-i5-12400f","Intel Core i5-12400F","Intel","cpu","BX8071512400F","high"
"cpu-intel-intel-core-i5-12600k","Intel Core i5-12600K","Intel","cpu","BX8071512600K","high"
"cpu-intel-intel-core-i5-12600kf","Intel Core i5-12600KF","Intel","cpu","BX8071512600KF","high"
"cpu-intel-intel-core-i7-12700k","Intel Core i7-12700K","Intel","cpu","BX8071512700K","high"
"cpu-intel-intel-core-i7-12700kf","Intel Core i7-12700KF","Intel","cpu","BX8071512700KF","high"
"cpu-intel-intel-core-i9-12900k","Intel Core i9-12900K","Intel","cpu","BX8071512900K","high"
"cpu-intel-intel-core-i9-12900ks","Intel Core i9-12900KS","Intel","cpu","BX8071512900KS","high"
"cpu-intel-intel-core-i3-13100","Intel Core i3-13100","Intel","cpu","BX8071513100","high"
"cpu-intel-intel-core-i3-13100f","Intel Core i3-13100F","Intel","cpu","BX8071513100F","high"
"cpu-intel-intel-core-i5-13400","Intel Core i5-13400","Intel","cpu","BX8071513400","high"
"cpu-intel-intel-core-i5-13400f","Intel Core i5-13400F","Intel","cpu","BX8071513400F","high"
"cpu-intel-intel-core-i5-13600k","Intel Core i5-13600K","Intel","cpu","BX8071513600K","high"
"cpu-intel-intel-core-i5-13600kf","Intel Core i5-13600KF","Intel","cpu","BX8071513600KF","high"
"cpu-intel-intel-core-i7-13700k","Intel Core i7-13700K","Intel","cpu","BX8071513700K","high"
"cpu-intel-intel-core-i7-13700kf","Intel Core i7-13700KF","Intel","cpu","BX8071513700KF","high"
"cpu-intel-intel-core-i9-13900k","Intel Core i9-13900K","Intel","cpu","BX8071513900K","high"
"cpu-intel-intel-core-i9-13900ks","Intel Core i9-13900KS","Intel","cpu","BX8071513900KS","high"
"cpu-intel-intel-core-i3-14100","Intel Core i3-14100","Intel","cpu","BX8071514100","high"
"cpu-intel-intel-core-i3-14100f","Intel Core i3-14100F","Intel","cpu","BX8071514100F","high"
"cpu-intel-intel-core-i5-14400","Intel Core i5-14400","Intel","cpu","BX8071514400","high"
"cpu-intel-intel-core-i5-14400f","Intel Core i5-14400F","Intel","cpu","BX8071514400F","high"
"cpu-intel-intel-core-i5-14600k","Intel Core i5-14600K","Intel","cpu","BX8071514600K","high"
"cpu-intel-intel-core-i5-14600kf","Intel Core i5-14600KF","Intel","cpu","BX8071514600KF","high"
"cpu-intel-intel-core-i7-14700k","Intel Core i7-14700K","Intel","cpu","BX8071514700K","high"
"cpu-intel-intel-core-i7-14700kf","Intel Core i7-14700KF","Intel","cpu","BX8071514700KF","high"
"cpu-intel-intel-core-i9-14900k","Intel Core i9-14900K","Intel","cpu","BX8071514900K","high"
"cpu-intel-intel-core-i9-14900ks","Intel Core i9-14900KS","Intel","cpu","BX8071514900KS","high"
"cpu-intel-intel-core-ultra-5-245k","Intel Core Ultra 5 245K","Intel","cpu","BX80768245K","high"
"cpu-intel-intel-core-ultra-5-245kf","Intel Core Ultra 5 245KF","Intel","cpu","BX80768245KF","high"
"cpu-intel-intel-core-ultra-7-265k","Intel Core Ultra 7 265K","Intel","cpu","BX80768265K","high"
"cpu-intel-intel-core-ultra-7-265kf","Intel Core Ultra 7 265KF","Intel","cpu","BX8071514265KF","high"
"cpu-intel-intel-core-ultra-9-285k","Intel Core Ultra 9 285K","Intel","cpu","BX8071514285K","high"
"cpu-intel-intel-core-ultra-5-250k-plus","Intel Core Ultra 5 250K Plus","Intel","cpu","BX8071515250K","medium"
"cpu-intel-intel-core-ultra-5-250kf-plus","Intel Core Ultra 5 250KF Plus","Intel","cpu","BX8071515250KF","medium"
"cpu-intel-intel-core-ultra-7-270k-plus","Intel Core Ultra 7 270K Plus","Intel","cpu","BX8071515270K","medium"
"cpu-intel-intel-core-ultra-7-270kf-plus","Intel Core Ultra 7 270KF Plus","Intel","cpu","BX8071515270KF","medium"
"ram-crucial-micron-crucial-basic-ddr4-8gb-1x8gb-2666mt-s","Crucial Basic DDR4 8GB (1x8GB) 2666MT/s","Crucial / Micron","ram","CT8G4DFRA266","medium"
"ram-crucial-micron-crucial-basic-ddr4-16gb-2x8gb-2666mt-s","Crucial Basic DDR4 16GB (2x8GB) 2666MT/s","Crucial / Micron","ram","CT2K8G4DFRA266","medium"
"ram-crucial-micron-crucial-basic-ddr4-8gb-1x8gb-3200mt-s","Crucial Basic DDR4 8GB (1x8GB) 3200MT/s","Crucial / Micron","ram","CT8G4DFRA32A","high"
"ram-crucial-micron-crucial-basic-ddr4-16gb-2x8gb-3200mt-s","Crucial Basic DDR4 16GB (2x8GB) 3200MT/s","Crucial / Micron","ram","CT2K8G4DFRA32A","high"
"ram-crucial-micron-crucial-basic-ddr4-16gb-1x16gb-2666mt-s","Crucial Basic DDR4 16GB (1x16GB) 2666MT/s","Crucial / Micron","ram","CB16GU2666","medium"
"ram-crucial-micron-crucial-basic-ddr4-32gb-2x16gb-2666mt-s","Crucial Basic DDR4 32GB (2x16GB) 2666MT/s","Crucial / Micron","ram","CB2K16GU2666","medium"
"ram-crucial-micron-crucial-basic-ddr4-16gb-1x16gb-3200mt-s","Crucial Basic DDR4 16GB (1x16GB) 3200MT/s","Crucial / Micron","ram","CB16GU3200","medium"
"ram-crucial-micron-crucial-basic-ddr4-32gb-2x16gb-3200mt-s","Crucial Basic DDR4 32GB (2x16GB) 3200MT/s","Crucial / Micron","ram","CB2K16GU3200","medium"
"ram-crucial-micron-crucial-basic-ddr4-32gb-1x32gb-2666mt-s","Crucial Basic DDR4 32GB (1x32GB) 2666MT/s","Crucial / Micron","ram","CB32GU2666","medium"
"ram-crucial-micron-crucial-basic-ddr4-64gb-2x32gb-2666mt-s","Crucial Basic DDR4 64GB (2x32GB) 2666MT/s","Crucial / Micron","ram","CB2K32GU2666","medium"
"ram-crucial-micron-crucial-basic-ddr4-32gb-1x32gb-3200mt-s","Crucial Basic DDR4 32GB (1x32GB) 3200MT/s","Crucial / Micron","ram","CB32GU3200","medium"
"ram-crucial-micron-crucial-basic-ddr4-64gb-2x32gb-3200mt-s","Crucial Basic DDR4 64GB (2x32GB) 3200MT/s","Crucial / Micron","ram","CB2K32GU3200","medium"
"ram-crucial-micron-crucial-pro-ddr4-16gb-1x16gb-3200mt-s","Crucial Pro DDR4 16GB (1x16GB) 3200MT/s","Crucial / Micron","ram","CP16G4DFRA32A","medium"
"ram-crucial-micron-crucial-pro-ddr4-32gb-2x16gb-3200mt-s","Crucial Pro DDR4 32GB (2x16GB) 3200MT/s","Crucial / Micron","ram","CP2K16G4DFRA32A","medium"
"ram-crucial-micron-crucial-pro-ddr4-32gb-1x32gb-3200mt-s","Crucial Pro DDR4 32GB (1x32GB) 3200MT/s","Crucial / Micron","ram","CP32G4DFRA32A","medium"
"ram-crucial-micron-crucial-pro-ddr4-64gb-2x32gb-3200mt-s","Crucial Pro DDR4 64GB (2x32GB) 3200MT/s","Crucial / Micron","ram","CP2K32G4DFRA32A","medium"
"ram-crucial-micron-crucial-pro-ddr4-64gb-1x64gb-3200mt-s","Crucial Pro DDR4 64GB (1x64GB) 3200MT/s","Crucial / Micron","ram","","unknown"
"ram-crucial-micron-crucial-pro-ddr4-128gb-2x64gb-3200mt-s","Crucial Pro DDR4 128GB (2x64GB) 3200MT/s","Crucial / Micron","ram","","unknown"
"ram-crucial-micron-crucial-basic-ddr5-8gb-1x8gb-4800mt-s","Crucial Basic DDR5 8GB (1x8GB) 4800MT/s","Crucial / Micron","ram","CB8GS4800","medium"
"ram-crucial-micron-crucial-basic-ddr5-16gb-2x8gb-4800mt-s","Crucial Basic DDR5 16GB (2x8GB) 4800MT/s","Crucial / Micron","ram","CB2K8GS4800","medium"
"ram-crucial-micron-crucial-basic-ddr5-8gb-1x8gb-5600mt-s","Crucial Basic DDR5 8GB (1x8GB) 5600MT/s","Crucial / Micron","ram","CB8GS5600","low"
"ram-crucial-micron-crucial-basic-ddr5-16gb-2x8gb-5600mt-s","Crucial Basic DDR5 16GB (2x8GB) 5600MT/s","Crucial / Micron","ram","CB2K8GS5600","low"
"ram-crucial-micron-crucial-basic-ddr5-16gb-1x16gb-4800mt-s","Crucial Basic DDR5 16GB (1x16GB) 4800MT/s","Crucial / Micron","ram","CB16GS4800","medium"
"ram-crucial-micron-crucial-basic-ddr5-32gb-2x16gb-4800mt-s","Crucial Basic DDR5 32GB (2x16GB) 4800MT/s","Crucial / Micron","ram","CB2K16GS4800","medium"
"ram-crucial-micron-crucial-basic-ddr5-16gb-1x16gb-5600mt-s","Crucial Basic DDR5 16GB (1x16GB) 5600MT/s","Crucial / Micron","ram","CT16G56C46U5","medium"
"ram-crucial-micron-crucial-basic-ddr5-32gb-2x16gb-5600mt-s","Crucial Basic DDR5 32GB (2x16GB) 5600MT/s","Crucial / Micron","ram","CT2K16G56C46U5","medium"
"ram-crucial-micron-crucial-basic-ddr5-32gb-1x32gb-4800mt-s","Crucial Basic DDR5 32GB (1x32GB) 4800MT/s","Crucial / Micron","ram","CT32G48C40U5","medium"
"ram-crucial-micron-crucial-basic-ddr5-64gb-2x32gb-4800mt-s","Crucial Basic DDR5 64GB (2x32GB) 4800MT/s","Crucial / Micron","ram","CT2K32G48C40U5","medium"
"ram-crucial-micron-crucial-basic-ddr5-32gb-1x32gb-5600mt-s","Crucial Basic DDR5 32GB (1x32GB) 5600MT/s","Crucial / Micron","ram","CT32G56C46U5","medium"
"ram-crucial-micron-crucial-basic-ddr5-64gb-2x32gb-5600mt-s","Crucial Basic DDR5 64GB (2x32GB) 5600MT/s","Crucial / Micron","ram","CT2K32G56C46U5","medium"
"ram-crucial-micron-crucial-pro-ddr5-16gb-1x16gb-5600mt-s","Crucial Pro DDR5 16GB (1x16GB) 5600MT/s","Crucial / Micron","ram","CP16G56C46U5","medium"
"ram-crucial-micron-crucial-pro-ddr5-32gb-2x16gb-5600mt-s","Crucial Pro DDR5 32GB (2x16GB) 5600MT/s","Crucial / Micron","ram","CP2K16G56C46U5","medium"
"ram-crucial-micron-crucial-pro-ddr5-16gb-1x16gb-6000mt-s","Crucial Pro DDR5 16GB (1x16GB) 6000MT/s","Crucial / Micron","ram","CP16G60C48U5","medium"
"ram-crucial-micron-crucial-pro-ddr5-32gb-2x16gb-6000mt-s","Crucial Pro DDR5 32GB (2x16GB) 6000MT/s","Crucial / Micron","ram","CP2K16G60C48U5","medium"
"ram-crucial-micron-crucial-pro-ddr5-16gb-1x16gb-6400mt-s","Crucial Pro DDR5 16GB (1x16GB) 6400MT/s","Crucial / Micron","ram","CP16G4DFRA32A","medium"
"ram-crucial-micron-crucial-pro-ddr5-32gb-2x16gb-6400mt-s","Crucial Pro DDR5 32GB (2x16GB) 6400MT/s","Crucial / Micron","ram","CP2K16G4DFRA32A","medium"
"ram-crucial-micron-crucial-pro-ddr5-32gb-1x32gb-5600mt-s","Crucial Pro DDR5 32GB (1x32GB) 5600MT/s","Crucial / Micron","ram","CP32G4DFRA56A","medium"
"ram-crucial-micron-crucial-pro-ddr5-64gb-2x32gb-5600mt-s","Crucial Pro DDR5 64GB (2x32GB) 5600MT/s","Crucial / Micron","ram","CP2K32G4DFRA56A","medium"
"ram-crucial-micron-crucial-pro-ddr5-32gb-1x32gb-6000mt-s","Crucial Pro DDR5 32GB (1x32GB) 6000MT/s","Crucial / Micron","ram","CP32G4DFRA60A","low"
"ram-crucial-micron-crucial-pro-ddr5-64gb-2x32gb-6000mt-s","Crucial Pro DDR5 64GB (2x32GB) 6000MT/s","Crucial / Micron","ram","CP2K32G4DFRA60A","low"
"ram-crucial-micron-crucial-pro-ddr5-32gb-1x32gb-6400mt-s","Crucial Pro DDR5 32GB (1x32GB) 6400MT/s","Crucial / Micron","ram","CP32G4DFRA32A","medium"
"ram-crucial-micron-crucial-pro-ddr5-64gb-2x32gb-6400mt-s","Crucial Pro DDR5 64GB (2x32GB) 6400MT/s","Crucial / Micron","ram","CP2K32G4DFRA32A","medium"
"ram-crucial-micron-crucial-pro-ddr5-64gb-1x64gb-5600mt-s","Crucial Pro DDR5 64GB (1x64GB) 5600MT/s","Crucial / Micron","ram","CP64G4DFRA56A","low"
"ram-crucial-micron-crucial-pro-ddr5-128gb-2x64gb-5600mt-s","Crucial Pro DDR5 128GB (2x64GB) 5600MT/s","Crucial / Micron","ram","CP2K64G4DFRA56A","low"
"ram-crucial-micron-crucial-pro-ddr5-64gb-1x64gb-6000mt-s","Crucial Pro DDR5 64GB (1x64GB) 6000MT/s","Crucial / Micron","ram","CP64G60C48U5","medium"
"ram-crucial-micron-crucial-pro-ddr5-128gb-2x64gb-6000mt-s","Crucial Pro DDR5 128GB (2x64GB) 6000MT/s","Crucial / Micron","ram","CP2K64G60C48U5","medium"
"ram-crucial-micron-crucial-pro-ddr5-64gb-1x64gb-6400mt-s","Crucial Pro DDR5 64GB (1x64GB) 6400MT/s","Crucial / Micron","ram","CP64G64C52U5","medium"
"ram-crucial-micron-crucial-pro-ddr5-128gb-2x64gb-6400mt-s","Crucial Pro DDR5 128GB (2x64GB) 6400MT/s","Crucial / Micron","ram","CP2K64G64C52U5","medium"
"ram-crucial-micron-crucial-pro-overclocking-ddr5-64gb-2x32gb-6000mt-s","Crucial Pro Overclocking DDR5 64GB (2x32GB) 6000MT/s","Crucial / Micron","ram","CP2K32G60C36U5","medium"
"ram-crucial-micron-crucial-pro-overclocking-ddr5-64gb-2x32gb-6400mt-s","Crucial Pro Overclocking DDR5 64GB (2x32GB) 6400MT/s","Crucial / Micron","ram","CP2K32G64C52U5","medium"
"ram-crucial-micron-crucial-pro-overclocking-ddr5-128gb-2x64gb-6000mt-s","Crucial Pro Overclocking DDR5 128GB (2x64GB) 6000MT/s","Crucial / Micron","ram","CP2K64G60C48U5W","low"
"ram-crucial-micron-crucial-pro-overclocking-ddr5-128gb-2x64gb-6400mt-s","Crucial Pro Overclocking DDR5 128GB (2x64GB) 6400MT/s","Crucial / Micron","ram","CP2K64G64C52U5W","low"
"ram-samsung-samsung-ddr4-udimm-8gb-1x8gb-2666mt-s","Samsung DDR4 UDIMM 8GB (1x8GB) 2666MT/s","Samsung","ram","M378A1K43EB2-CTD","medium"
"ram-samsung-samsung-ddr4-udimm-8gb-1x8gb-2933mt-s","Samsung DDR4 UDIMM 8GB (1x8GB) 2933MT/s","Samsung","ram","M378A1K43EB2-CVF","medium"
"ram-samsung-samsung-ddr4-udimm-8gb-1x8gb-3200mt-s","Samsung DDR4 UDIMM 8GB (1x8GB) 3200MT/s","Samsung","ram","M378A1K43EB2-CWE","medium"
"ram-samsung-samsung-ddr4-udimm-16gb-1x16gb-2666mt-s","Samsung DDR4 UDIMM 16GB (1x16GB) 2666MT/s","Samsung","ram","M378A2K43CB1-CTD","medium"
"ram-samsung-samsung-ddr4-udimm-16gb-1x16gb-2933mt-s","Samsung DDR4 UDIMM 16GB (1x16GB) 2933MT/s","Samsung","ram","M378A2K43DB1-CVF","medium"
"ram-samsung-samsung-ddr4-udimm-16gb-1x16gb-3200mt-s","Samsung DDR4 UDIMM 16GB (1x16GB) 3200MT/s","Samsung","ram","M378A2K43EB1-CWE","medium"
"ram-samsung-samsung-ddr4-udimm-32gb-1x32gb-2666mt-s","Samsung DDR4 UDIMM 32GB (1x32GB) 2666MT/s","Samsung","ram","M378A4G43MB1-CTD","medium"
"ram-samsung-samsung-ddr4-udimm-32gb-1x32gb-2933mt-s","Samsung DDR4 UDIMM 32GB (1x32GB) 2933MT/s","Samsung","ram","M378A4G43AB2-CVF","medium"
"ram-samsung-samsung-ddr4-udimm-32gb-1x32gb-3200mt-s","Samsung DDR4 UDIMM 32GB (1x32GB) 3200MT/s","Samsung","ram","M378A4G43AB2-CWE","medium"
"ram-samsung-samsung-ddr5-udimm-8gb-1x8gb-4800mt-s","Samsung DDR5 UDIMM 8GB (1x8GB) 4800MT/s","Samsung","ram","M323R1GB4BB0-CQK","medium"
"ram-samsung-samsung-ddr5-udimm-8gb-1x8gb-5600mt-s","Samsung DDR5 UDIMM 8GB (1x8GB) 5600MT/s","Samsung","ram","M323R1GB4BB0-CWM","low"
"ram-samsung-samsung-ddr5-udimm-16gb-1x16gb-4800mt-s","Samsung DDR5 UDIMM 16GB (1x16GB) 4800MT/s","Samsung","ram","M323R2GA3BB0-CQK","medium"
"ram-samsung-samsung-ddr5-udimm-16gb-1x16gb-5600mt-s","Samsung DDR5 UDIMM 16GB (1x16GB) 5600MT/s","Samsung","ram","M323R2GA3BB0-CWM","medium"
"ram-samsung-samsung-ddr5-udimm-32gb-1x32gb-4800mt-s","Samsung DDR5 UDIMM 32GB (1x32GB) 4800MT/s","Samsung","ram","M323R4GA3BB0-CQK","medium"
"ram-samsung-samsung-ddr5-udimm-32gb-1x32gb-5600mt-s","Samsung DDR5 UDIMM 32GB (1x32GB) 5600MT/s","Samsung","ram","M323R4GA3BB0-CWM","medium"
"ram-samsung-samsung-ddr5-cudimm-16gb-1x16gb-6400mt-s","Samsung DDR5 CUDIMM 16GB (1x16GB) 6400MT/s","Samsung","ram","M425R2GA3BB0-CWMOL","low"
"ram-samsung-samsung-ddr5-cudimm-32gb-2x16gb-6400mt-s","Samsung DDR5 CUDIMM 32GB (2x16GB) 6400MT/s","Samsung","ram","M425R2GA3BB0-CWMOL","low"
"ram-samsung-samsung-ddr5-cudimm-32gb-1x32gb-6400mt-s","Samsung DDR5 CUDIMM 32GB (1x32GB) 6400MT/s","Samsung","ram","M425R4GA3BB0-CWMOL","low"
"ram-samsung-samsung-ddr5-cudimm-64gb-2x32gb-6400mt-s","Samsung DDR5 CUDIMM 64GB (2x32GB) 6400MT/s","Samsung","ram","M425R4GA3BB0-CWMOL","low"
"storage-samsung-samsung-870-evo-250gb-ssd","Samsung 870 EVO 250GB SSD","Samsung","storage","MZ-77E250B/AM","high"
"storage-samsung-samsung-870-evo-500gb-ssd","Samsung 870 EVO 500GB SSD","Samsung","storage","MZ-77E500B/AM","high"
"storage-samsung-samsung-870-evo-1tb-ssd","Samsung 870 EVO 1TB SSD","Samsung","storage","MZ-77E1T0B/AM","high"
"storage-samsung-samsung-870-evo-2tb-ssd","Samsung 870 EVO 2TB SSD","Samsung","storage","MZ-77E2T0B/AM","high"
"storage-samsung-samsung-870-evo-4tb-ssd","Samsung 870 EVO 4TB SSD","Samsung","storage","MZ-77E4T0B/AM","high"
"storage-samsung-samsung-870-qvo-1tb-ssd","Samsung 870 QVO 1TB SSD","Samsung","storage","MZ-77Q1T0BW","high"
"storage-samsung-samsung-870-qvo-2tb-ssd","Samsung 870 QVO 2TB SSD","Samsung","storage","MZ-77Q2T0BW","high"
"storage-samsung-samsung-870-qvo-4tb-ssd","Samsung 870 QVO 4TB SSD","Samsung","storage","MZ-77Q4T0BW","high"
"storage-samsung-samsung-870-qvo-8tb-ssd","Samsung 870 QVO 8TB SSD","Samsung","storage","MZ-77Q8T0BW","high"
"storage-samsung-samsung-970-evo-plus-250gb-ssd","Samsung 970 EVO Plus 250GB SSD","Samsung","storage","MZ-V7S250B/AM","high"
"storage-samsung-samsung-970-evo-plus-500gb-ssd","Samsung 970 EVO Plus 500GB SSD","Samsung","storage","MZ-V7S500B/AM","high"
"storage-samsung-samsung-970-evo-plus-1tb-ssd","Samsung 970 EVO Plus 1TB SSD","Samsung","storage","MZ-V7S1T0B/AM","high"
"storage-samsung-samsung-970-evo-plus-2tb-ssd","Samsung 970 EVO Plus 2TB SSD","Samsung","storage","MZ-V7S2T0B/AM","high"
"storage-samsung-samsung-980-250gb-ssd","Samsung 980 250GB SSD","Samsung","storage","MZ-V8V250B/AM","high"
"storage-samsung-samsung-980-500gb-ssd","Samsung 980 500GB SSD","Samsung","storage","MZ-V8V500B/AM","high"
"storage-samsung-samsung-980-1tb-ssd","Samsung 980 1TB SSD","Samsung","storage","MZ-V8V1T0B/AM","high"
"storage-samsung-samsung-980-pro-250gb-ssd","Samsung 980 PRO 250GB SSD","Samsung","storage","MZ-V8P250B/AM","high"
"storage-samsung-samsung-980-pro-500gb-ssd","Samsung 980 PRO 500GB SSD","Samsung","storage","MZ-V8P500B/AM","high"
"storage-samsung-samsung-980-pro-1tb-ssd","Samsung 980 PRO 1TB SSD","Samsung","storage","MZ-V8P1T0B/AM","high"
"storage-samsung-samsung-980-pro-2tb-ssd","Samsung 980 PRO 2TB SSD","Samsung","storage","MZ-V8P2T0B/AM","high"
"storage-samsung-samsung-990-pro-1tb-ssd","Samsung 990 PRO 1TB SSD","Samsung","storage","MZ-V9P1T0B/AM","high"
"storage-samsung-samsung-990-pro-2tb-ssd","Samsung 990 PRO 2TB SSD","Samsung","storage","MZ-V9P2T0B/AM","high"
"storage-samsung-samsung-990-pro-4tb-ssd","Samsung 990 PRO 4TB SSD","Samsung","storage","MZ-V9P4T0B/AM","medium"
"storage-samsung-samsung-990-evo-1tb-ssd","Samsung 990 EVO 1TB SSD","Samsung","storage","MZ-V9E1T0BW","high"
"storage-samsung-samsung-990-evo-2tb-ssd","Samsung 990 EVO 2TB SSD","Samsung","storage","MZ-V9E2T0BW","high"
"storage-samsung-samsung-990-evo-plus-1tb-ssd","Samsung 990 EVO Plus 1TB SSD","Samsung","storage","MZ-V9P1T0BW","medium"
"storage-samsung-samsung-990-evo-plus-2tb-ssd","Samsung 990 EVO Plus 2TB SSD","Samsung","storage","MZ-V9P2T0BW","medium"
"storage-samsung-samsung-990-evo-plus-4tb-ssd","Samsung 990 EVO Plus 4TB SSD","Samsung","storage","MZ-V9P4T0BW","medium"
"storage-samsung-samsung-9100-pro-1tb-ssd","Samsung 9100 PRO 1TB SSD","Samsung","storage","MZ-X1P1T0BW","medium"
"storage-samsung-samsung-9100-pro-2tb-ssd","Samsung 9100 PRO 2TB SSD","Samsung","storage","MZ-X1P2T0BW","medium"
"storage-samsung-samsung-9100-pro-4tb-ssd","Samsung 9100 PRO 4TB SSD","Samsung","storage","MZ-X1P4T0BW","medium"
"storage-samsung-samsung-9100-pro-8tb-ssd","Samsung 9100 PRO 8TB SSD","Samsung","storage","MZ-X1P8T0BW","low"
"storage-crucial-micron-crucial-bx500-240gb-ssd","Crucial BX500 240GB SSD","Crucial / Micron","storage","CT240BX500SSD1","high"
"storage-crucial-micron-crucial-bx500-500gb-ssd","Crucial BX500 500GB SSD","Crucial / Micron","storage","CT500BX500SSD1","high"
"storage-crucial-micron-crucial-bx500-1tb-ssd","Crucial BX500 1TB SSD","Crucial / Micron","storage","CT1000BX500SSD1","high"
"storage-crucial-micron-crucial-bx500-2tb-ssd","Crucial BX500 2TB SSD","Crucial / Micron","storage","CT2000BX500SSD1","high"
"storage-crucial-micron-crucial-mx500-250gb-ssd","Crucial MX500 250GB SSD","Crucial / Micron","storage","CT250MX500SSD1","high"
"storage-crucial-micron-crucial-mx500-500gb-ssd","Crucial MX500 500GB SSD","Crucial / Micron","storage","CT500MX500SSD1","high"
"storage-crucial-micron-crucial-mx500-1tb-ssd","Crucial MX500 1TB SSD","Crucial / Micron","storage","CT1000MX500SSD1","high"
"storage-crucial-micron-crucial-mx500-2tb-ssd","Crucial MX500 2TB SSD","Crucial / Micron","storage","CT2000MX500SSD1","high"
"storage-crucial-micron-crucial-mx500-4tb-ssd","Crucial MX500 4TB SSD","Crucial / Micron","storage","CT4000MX500SSD1","high"
"storage-crucial-micron-crucial-p2-250gb-ssd","Crucial P2 250GB SSD","Crucial / Micron","storage","CT250P2SSD8","high"
"storage-crucial-micron-crucial-p2-500gb-ssd","Crucial P2 500GB SSD","Crucial / Micron","storage","CT500P2SSD8","high"
"storage-crucial-micron-crucial-p2-1tb-ssd","Crucial P2 1TB SSD","Crucial / Micron","storage","CT1000P2SSD8","high"
"storage-crucial-micron-crucial-p2-2tb-ssd","Crucial P2 2TB SSD","Crucial / Micron","storage","CT2000P2SSD8","high"
"storage-crucial-micron-crucial-p3-500gb-ssd","Crucial P3 500GB SSD","Crucial / Micron","storage","CT500P3SSD8","high"
"storage-crucial-micron-crucial-p3-1tb-ssd","Crucial P3 1TB SSD","Crucial / Micron","storage","CT1000P3SSD8","high"
"storage-crucial-micron-crucial-p3-2tb-ssd","Crucial P3 2TB SSD","Crucial / Micron","storage","CT2000P3SSD8","high"
"storage-crucial-micron-crucial-p3-4tb-ssd","Crucial P3 4TB SSD","Crucial / Micron","storage","CT4000P3SSD8","high"
"storage-crucial-micron-crucial-p3-plus-500gb-ssd","Crucial P3 Plus 500GB SSD","Crucial / Micron","storage","CT500P3PSSD8","high"
"storage-crucial-micron-crucial-p3-plus-1tb-ssd","Crucial P3 Plus 1TB SSD","Crucial / Micron","storage","CT1000P3PSSD8","high"
"storage-crucial-micron-crucial-p3-plus-2tb-ssd","Crucial P3 Plus 2TB SSD","Crucial / Micron","storage","CT2000P3PSSD8","high"
"storage-crucial-micron-crucial-p3-plus-4tb-ssd","Crucial P3 Plus 4TB SSD","Crucial / Micron","storage","CT4000P3PSSD8","high"
"storage-crucial-micron-crucial-p5-plus-500gb-ssd","Crucial P5 Plus 500GB SSD","Crucial / Micron","storage","CT500P5PSSD8","high"
"storage-crucial-micron-crucial-p5-plus-1tb-ssd","Crucial P5 Plus 1TB SSD","Crucial / Micron","storage","CT1000P5PSSD8","high"
"storage-crucial-micron-crucial-p5-plus-2tb-ssd","Crucial P5 Plus 2TB SSD","Crucial / Micron","storage","CT2000P5PSSD8","high"
"storage-crucial-micron-crucial-t500-500gb-ssd","Crucial T500 500GB SSD","Crucial / Micron","storage","CT500T500SSD8","high"
"storage-crucial-micron-crucial-t500-1tb-ssd","Crucial T500 1TB SSD","Crucial / Micron","storage","CT1000T500SSD8","high"
"storage-crucial-micron-crucial-t500-2tb-ssd","Crucial T500 2TB SSD","Crucial / Micron","storage","CT2000T500SSD8","high"
"storage-crucial-micron-crucial-t500-4tb-ssd","Crucial T500 4TB SSD","Crucial / Micron","storage","CT4000T500SSD8","medium"
"storage-crucial-micron-crucial-t700-1tb-ssd","Crucial T700 1TB SSD","Crucial / Micron","storage","CT1000T700SSD3","high"
"storage-crucial-micron-crucial-t700-2tb-ssd","Crucial T700 2TB SSD","Crucial / Micron","storage","CT2000T700SSD3","high"
"storage-crucial-micron-crucial-t700-4tb-ssd","Crucial T700 4TB SSD","Crucial / Micron","storage","CT4000T700SSD3","high"
"storage-crucial-micron-crucial-t705-1tb-ssd","Crucial T705 1TB SSD","Crucial / Micron","storage","CT1000T705SSD3","high"
"storage-crucial-micron-crucial-t705-2tb-ssd","Crucial T705 2TB SSD","Crucial / Micron","storage","CT2000T705SSD3","high"
"storage-crucial-micron-crucial-t705-4tb-ssd","Crucial T705 4TB SSD","Crucial / Micron","storage","CT4000T705SSD3","high"
"mainboard-asus-asus-rog-maximus-xii-hero-wifi","ASUS ROG Maximus XII Hero WiFi","ASUS","mainboard","90MB12E0-M0EAY0","medium"
"mainboard-asus-asus-rog-strix-z490-e-gaming","ASUS ROG Strix Z490-E Gaming","ASUS","mainboard","90MB12D0-M0EAY0","medium"
"mainboard-asus-asus-tuf-gaming-z490-plus-wifi","ASUS TUF Gaming Z490-Plus WiFi","ASUS","mainboard","90MB12U0-M0EAY0","medium"
"mainboard-asus-asus-prime-z490-p","ASUS Prime Z490-P","ASUS","mainboard","90MB12V0-M0EAY0","medium"
"mainboard-asus-asus-rog-maximus-xiii-hero","ASUS ROG Maximus XIII Hero","ASUS","mainboard","90MB1680-M0EAY0","medium"
"mainboard-asus-asus-rog-strix-z590-e-gaming-wifi","ASUS ROG Strix Z590-E Gaming WiFi","ASUS","mainboard","90MB1700-M0EAY0","medium"
"mainboard-asus-asus-tuf-gaming-z590-plus-wifi","ASUS TUF Gaming Z590-Plus WiFi","ASUS","mainboard","90MB1750-M0EAY0","medium"
"mainboard-asus-asus-prime-b560-plus","ASUS Prime B560-Plus","ASUS","mainboard","90MB1680-M0EAY0","medium"
"mainboard-asus-asus-rog-maximus-z690-hero","ASUS ROG Maximus Z690 Hero","ASUS","mainboard","90MB18E0-M0EAY0","medium"
"mainboard-asus-asus-rog-strix-z690-e-gaming-wifi","ASUS ROG Strix Z690-E Gaming WiFi","ASUS","mainboard","90MB18D0-M0EAY0","medium"
"mainboard-asus-asus-tuf-gaming-z690-plus-wifi-d4","ASUS TUF Gaming Z690-Plus WiFi D4","ASUS","mainboard","90MB18U0-M0EAY0","medium"
"mainboard-asus-asus-prime-z690-p-wifi","ASUS Prime Z690-P WiFi","ASUS","mainboard","90MB18P0-M0EAY0","medium"
"mainboard-asus-asus-rog-strix-b660-i-gaming-wifi","ASUS ROG Strix B660-I Gaming WiFi","ASUS","mainboard","90MB19G0-M0EAY0","medium"
"mainboard-asus-asus-tuf-gaming-b660m-plus-wifi-d4","ASUS TUF Gaming B660M-Plus WiFi D4","ASUS","mainboard","90MB19B0-M0EAY0","medium"
"mainboard-asus-asus-rog-maximus-z790-hero","ASUS ROG Maximus Z790 Hero","ASUS","mainboard","90MB1CK0-M0EAY0","medium"
"mainboard-asus-asus-rog-strix-z790-e-gaming-wifi","ASUS ROG Strix Z790-E Gaming WiFi","ASUS","mainboard","90MB1CL0-M0EAY0","medium"
"mainboard-asus-asus-tuf-gaming-z790-plus-wifi","ASUS TUF Gaming Z790-Plus WiFi","ASUS","mainboard","90MB1CS0-M0EAY0","medium"
"mainboard-asus-asus-prime-z790-p-wifi","ASUS Prime Z790-P WiFi","ASUS","mainboard","90MB1CZ0-M0EAY0","medium"
"mainboard-asus-asus-rog-strix-b760-f-gaming-wifi","ASUS ROG Strix B760-F Gaming WiFi","ASUS","mainboard","90MB1CR0-M0EAY0","medium"
"mainboard-asus-asus-tuf-gaming-b760m-plus-wifi","ASUS TUF Gaming B760M-Plus WiFi","ASUS","mainboard","90MB1CV0-M0EAY0","medium"
"mainboard-asus-asus-prime-b760-plus","ASUS Prime B760-Plus","ASUS","mainboard","90MB1CX0-M0EAY0","medium"
"mainboard-asus-asus-rog-maximus-z890-hero","ASUS ROG Maximus Z890 Hero","ASUS","mainboard","90MB1IA0-M0EAY0","medium"
"mainboard-asus-asus-rog-strix-z890-e-gaming-wifi","ASUS ROG Strix Z890-E Gaming WiFi","ASUS","mainboard","90MB1H80-M0EAY0","medium"
"mainboard-asus-asus-tuf-gaming-z890-plus-wifi","ASUS TUF Gaming Z890-Plus WiFi","ASUS","mainboard","90MB1H40-M0EAY0","medium"
"mainboard-asus-asus-prime-z890-p-wifi","ASUS Prime Z890-P WiFi","ASUS","mainboard","90MB1H20-M0EAY0","medium"
"mainboard-asus-asus-rog-strix-b860-f-gaming-wifi","ASUS ROG Strix B860-F Gaming WiFi","ASUS","mainboard","90MB1IB0-M0EAY0","low"
"mainboard-asus-asus-tuf-gaming-b860-plus-wifi","ASUS TUF Gaming B860-Plus WiFi","ASUS","mainboard","90MB1IC0-M0EAY0","low"
"mainboard-asus-asus-prime-b860m-a-wifi","ASUS Prime B860M-A WiFi","ASUS","mainboard","90MB1K00-M0EAY0","medium"
"mainboard-asus-asus-rog-crosshair-viii-dark-hero","ASUS ROG Crosshair VIII Dark Hero","ASUS","mainboard","90MB14G0-M0EAY0","high"
"mainboard-asus-asus-rog-strix-x570-e-gaming-wifi-ii","ASUS ROG Strix X570-E Gaming WiFi II","ASUS","mainboard","90MB1940-M0EAY0","medium"
"mainboard-asus-asus-tuf-gaming-x570-plus-wifi","ASUS TUF Gaming X570-Plus WiFi","ASUS","mainboard","90MB1250-M0EAY0","high"
"mainboard-asus-asus-prime-x570-p","ASUS Prime X570-P","ASUS","mainboard","90MB1140-M0AAY0","high"
"mainboard-asus-asus-rog-strix-b550-f-gaming-wifi-ii","ASUS ROG Strix B550-F Gaming WiFi II","ASUS","mainboard","90MB19G0-M0EAY0","medium"
"mainboard-asus-asus-tuf-gaming-b550-plus-wifi-ii","ASUS TUF Gaming B550-Plus WiFi II","ASUS","mainboard","90MB19U0-M0EAY0","medium"
"mainboard-asus-asus-prime-b550m-a-wifi-ii","ASUS Prime B550M-A WiFi II","ASUS","mainboard","90MB19L0-M0EAY0","medium"
"mainboard-asus-asus-rog-crosshair-x670e-hero","ASUS ROG Crosshair X670E Hero","ASUS","mainboard","90MB1B20-M0EAY0","high"
"mainboard-asus-asus-rog-strix-x670e-e-gaming-wifi","ASUS ROG Strix X670E-E Gaming WiFi","ASUS","mainboard","90MB1BQ0-M0EAY0","high"
"mainboard-asus-asus-tuf-gaming-x670e-plus-wifi","ASUS TUF Gaming X670E-Plus WiFi","ASUS","mainboard","90MB1BZ0-M0EAY0","medium"
"mainboard-asus-asus-prime-x670-p-wifi","ASUS Prime X670-P WiFi","ASUS","mainboard","90MB1BX0-M0EAY0","medium"
"mainboard-asus-asus-rog-strix-b650e-e-gaming-wifi","ASUS ROG Strix B650E-E Gaming WiFi","ASUS","mainboard","90MB1BQ0-M0EAY0","medium"
"mainboard-asus-asus-tuf-gaming-b650-plus-wifi","ASUS TUF Gaming B650-Plus WiFi","ASUS","mainboard","90MB1BV0-M0EAY0","medium"
"mainboard-asus-asus-prime-b650m-a-wifi-ii","ASUS Prime B650M-A WiFi II","ASUS","mainboard","90MB1FA0-M0EAY0","medium"
"mainboard-asus-asus-rog-crosshair-x870e-hero","ASUS ROG Crosshair X870E Hero","ASUS","mainboard","90MB1I00-M0EAY0","low"
"mainboard-asus-asus-rog-strix-x870e-e-gaming-wifi","ASUS ROG Strix X870E-E Gaming WiFi","ASUS","mainboard","90MB1I20-M0EAY0","low"
"mainboard-asus-asus-tuf-gaming-x870-plus-wifi","ASUS TUF Gaming X870-Plus WiFi","ASUS","mainboard","90MB1I40-M0EAY0","low"
"mainboard-asus-asus-prime-x870-p-wifi","ASUS Prime X870-P WiFi","ASUS","mainboard","90MB1I60-M0EAY0","low"
"mainboard-asus-asus-rog-strix-b850-f-gaming-wifi","ASUS ROG Strix B850-F Gaming WiFi","ASUS","mainboard","90MB1J00-M0EAY0","low"
"mainboard-asus-asus-tuf-gaming-b850-plus-wifi","ASUS TUF Gaming B850-Plus WiFi","ASUS","mainboard","90MB1G00-M0EAY0","medium"
"mainboard-asus-asus-prime-b850m-a-wifi","ASUS Prime B850M-A WiFi","ASUS","mainboard","90MB1GS0-M0EAY0","medium"
"mainboard-msi-msi-meg-z490-godlike","MSI MEG Z490 GODLIKE","MSI","mainboard","7C09-001R","medium"
"mainboard-msi-msi-mpg-z490-gaming-edge-wifi","MSI MPG Z490 Gaming Edge WiFi","MSI","mainboard","7C79-001R","medium"
"mainboard-msi-msi-mag-z490-tomahawk","MSI MAG Z490 Tomahawk","MSI","mainboard","7C80-001R","medium"
"mainboard-msi-msi-pro-z490-a-pro","MSI PRO Z490-A PRO","MSI","mainboard","7C75-001R","medium"
"mainboard-msi-msi-meg-z590-ace","MSI MEG Z590 ACE","MSI","mainboard","7D25-001R","medium"
"mainboard-msi-msi-mpg-z590-gaming-carbon-wifi","MSI MPG Z590 Gaming Carbon WiFi","MSI","mainboard","7D06-001R","medium"
"mainboard-msi-msi-mag-z590-tomahawk-wifi","MSI MAG Z590 Tomahawk WiFi","MSI","mainboard","7D03-001R","medium"
"mainboard-msi-msi-b560m-pro-vdh-wifi","MSI B560M PRO-VDH WiFi","MSI","mainboard","7D22-001R","medium"
"mainboard-msi-msi-meg-z690-ace","MSI MEG Z690 ACE","MSI","mainboard","7D25-001R","medium"
"mainboard-msi-msi-mpg-z690-carbon-wifi","MSI MPG Z690 Carbon WiFi","MSI","mainboard","7D30-001R","medium"
"mainboard-msi-msi-mag-z690-tomahawk-wifi-ddr4","MSI MAG Z690 Tomahawk WiFi DDR4","MSI","mainboard","7D32-001R","medium"
"mainboard-msi-msi-pro-z690-a-wifi","MSI PRO Z690-A WiFi","MSI","mainboard","7D25-004R","low"
"mainboard-msi-msi-mpg-b660i-gaming-edge-wifi","MSI MPG B660I Gaming Edge WiFi","MSI","mainboard","7D44-001R","medium"
"mainboard-msi-msi-mag-b660m-mortar-wifi-ddr4","MSI MAG B660M Mortar WiFi DDR4","MSI","mainboard","7D42-001R","medium"
"mainboard-msi-msi-meg-z790-ace","MSI MEG Z790 ACE","MSI","mainboard","7E12-001R","medium"
"mainboard-msi-msi-mpg-z790-carbon-wifi","MSI MPG Z790 Carbon WiFi","MSI","mainboard","7E06-001R","medium"
"mainboard-msi-msi-mag-z790-tomahawk-wifi","MSI MAG Z790 Tomahawk WiFi","MSI","mainboard","7E07-001R","medium"
"mainboard-msi-msi-pro-z790-a-wifi","MSI PRO Z790-A WiFi","MSI","mainboard","7E04-001R","low"
"mainboard-msi-msi-mpg-b760i-edge-wifi","MSI MPG B760I Edge WiFi","MSI","mainboard","7D40-001R","medium"
"mainboard-msi-msi-mag-b760-tomahawk-wifi","MSI MAG B760 Tomahawk WiFi","MSI","mainboard","7D89-001R","medium"
"mainboard-msi-msi-pro-b760m-a-wifi","MSI PRO B760M-A WiFi","MSI","mainboard","7D97-001R","medium"
"mainboard-msi-msi-meg-z890-godlike","MSI MEG Z890 GODLIKE","MSI","mainboard","7E18-001R","medium"
"mainboard-msi-msi-mpg-z890-carbon-wifi","MSI MPG Z890 Carbon WiFi","MSI","mainboard","7E19-001R","medium"
"mainboard-msi-msi-mag-z890-tomahawk-wifi","MSI MAG Z890 Tomahawk WiFi","MSI","mainboard","7E20-001R","medium"
"mainboard-msi-msi-pro-z890-a-wifi","MSI PRO Z890-A WiFi","MSI","mainboard","7E21-001R","low"
"mainboard-msi-msi-mpg-b860i-edge-wifi","MSI MPG B860I Edge WiFi","MSI","mainboard","7E25-001R","low"
"mainboard-msi-msi-mag-b860-tomahawk-wifi","MSI MAG B860 Tomahawk WiFi","MSI","mainboard","7E26-001R","low"
"mainboard-msi-msi-pro-b860m-a-wifi","MSI PRO B860M-A WiFi","MSI","mainboard","7E27-001R","low"
"mainboard-msi-msi-meg-x570-godlike","MSI MEG X570 GODLIKE","MSI","mainboard","7C34-001R","high"
"mainboard-msi-msi-meg-x570-ace","MSI MEG X570 ACE","MSI","mainboard","7C35-001R","high"
"mainboard-msi-msi-mpg-x570-gaming-edge-wifi","MSI MPG X570 Gaming Edge WiFi","MSI","mainboard","7C37-001R","high"
"mainboard-msi-msi-mag-x570-tomahawk-wifi","MSI MAG X570 Tomahawk WiFi","MSI","mainboard","7C84-001R","high"
"mainboard-msi-msi-mag-b550-tomahawk","MSI MAG B550 Tomahawk","MSI","mainboard","7C91-001R","high"
"mainboard-msi-msi-mpg-b550-gaming-carbon-wifi","MSI MPG B550 Gaming Carbon WiFi","MSI","mainboard","7C94-001R","high"
"mainboard-msi-msi-b550m-pro-vdh-wifi","MSI B550M PRO-VDH WiFi","MSI","mainboard","7C95-001R","medium"
"mainboard-msi-msi-meg-x670e-ace","MSI MEG X670E ACE","MSI","mainboard","7D67-001R","high"
"mainboard-msi-msi-mpg-x670e-carbon-wifi","MSI MPG X670E Carbon WiFi","MSI","mainboard","7D70-001R","high"
"mainboard-msi-msi-mag-x670e-tomahawk-wifi","MSI MAG X670E Tomahawk WiFi","MSI","mainboard","7D73-001R","high"
"mainboard-msi-msi-pro-x670-p-wifi","MSI PRO X670-P WiFi","MSI","mainboard","7D67-001R","medium"
"mainboard-msi-msi-mpg-b650-carbon-wifi","MSI MPG B650 Carbon WiFi","MSI","mainboard","7D75-001R","medium"
"mainboard-msi-msi-mag-b650-tomahawk-wifi","MSI MAG B650 Tomahawk WiFi","MSI","mainboard","7D75-002R","low"
"mainboard-msi-msi-pro-b650m-a-wifi","MSI PRO B650M-A WiFi","MSI","mainboard","7D76-001R","medium"
"mainboard-msi-msi-meg-x870e-godlike","MSI MEG X870E GODLIKE","MSI","mainboard","7E24-001R","medium"
"mainboard-msi-msi-mpg-x870e-carbon-wifi","MSI MPG X870E Carbon WiFi","MSI","mainboard","7E25-001R","medium"
"mainboard-msi-msi-mag-x870-tomahawk-wifi","MSI MAG X870 Tomahawk WiFi","MSI","mainboard","7E26-001R","medium"
"mainboard-msi-msi-pro-x870-p-wifi","MSI PRO X870-P WiFi","MSI","mainboard","7E27-001R","low"
"mainboard-msi-msi-mpg-b850i-edge-wifi","MSI MPG B850I Edge WiFi","MSI","mainboard","7E53-001R","low"
"mainboard-msi-msi-mag-b850-tomahawk-max-wifi","MSI MAG B850 Tomahawk Max WiFi","MSI","mainboard","7E51-001R","low"
"mainboard-msi-msi-pro-b850m-p-wifi","MSI PRO B850M-P WiFi","MSI","mainboard","7E16-001R","medium"
"gpu-asus-asus-tuf-gaming-geforce-rtx-3050","ASUS TUF Gaming GeForce RTX 3050","ASUS","gpu","TUF-RTX3050-O8G-GAMING","medium"
"gpu-asus-asus-dual-geforce-rtx-3050","ASUS Dual GeForce RTX 3050","ASUS","gpu","DUAL-RTX3050-O8G","medium"
"gpu-asus-asus-rog-strix-geforce-rtx-3060","ASUS ROG Strix GeForce RTX 3060","ASUS","gpu","ROG-STRIX-RTX3060-O12G-GAMING","high"
"gpu-asus-asus-tuf-gaming-geforce-rtx-3060","ASUS TUF Gaming GeForce RTX 3060","ASUS","gpu","TUF-RTX3060-O12G-GAMING","high"
"gpu-asus-asus-dual-geforce-rtx-3060","ASUS Dual GeForce RTX 3060","ASUS","gpu","DUAL-RTX3060-O12G","medium"
"gpu-asus-asus-rog-strix-geforce-rtx-3060-ti","ASUS ROG Strix GeForce RTX 3060 Ti","ASUS","gpu","ROG-STRIX-RTX3060TI-O8G-GAMING","high"
"gpu-asus-asus-tuf-gaming-geforce-rtx-3060-ti","ASUS TUF Gaming GeForce RTX 3060 Ti","ASUS","gpu","TUF-RTX3060TI-O8G-GAMING","high"
"gpu-asus-asus-dual-geforce-rtx-3060-ti","ASUS Dual GeForce RTX 3060 Ti","ASUS","gpu","DUAL-RTX3060TI-O8G","medium"
"gpu-asus-asus-rog-strix-geforce-rtx-3070","ASUS ROG Strix GeForce RTX 3070","ASUS","gpu","ROG-STRIX-RTX3070-O8G-GAMING","high"
"gpu-asus-asus-tuf-gaming-geforce-rtx-3070","ASUS TUF Gaming GeForce RTX 3070","ASUS","gpu","TUF-RTX3070-O8G-GAMING","high"
"gpu-asus-asus-dual-geforce-rtx-3070","ASUS Dual GeForce RTX 3070","ASUS","gpu","DUAL-RTX3070-O8G","high"
"gpu-asus-asus-rog-strix-geforce-rtx-3070-ti","ASUS ROG Strix GeForce RTX 3070 Ti","ASUS","gpu","ROG-STRIX-RTX3070TI-O8G-GAMING","high"
"gpu-asus-asus-tuf-gaming-geforce-rtx-3070-ti","ASUS TUF Gaming GeForce RTX 3070 Ti","ASUS","gpu","TUF-RTX3070TI-O8G-GAMING","high"
"gpu-asus-asus-dual-geforce-rtx-3070-ti","ASUS Dual GeForce RTX 3070 Ti","ASUS","gpu","DUAL-RTX3070TI-O8G","high"
"gpu-asus-asus-rog-strix-geforce-rtx-3080","ASUS ROG Strix GeForce RTX 3080","ASUS","gpu","ROG-STRIX-RTX3080-O10G-GAMING","high"
"gpu-asus-asus-tuf-gaming-geforce-rtx-3080","ASUS TUF Gaming GeForce RTX 3080","ASUS","gpu","TUF-RTX3080-O10G-GAMING","high"
"gpu-asus-asus-dual-geforce-rtx-3080","ASUS Dual GeForce RTX 3080","ASUS","gpu","DUAL-RTX3080-O10G","medium"
"gpu-asus-asus-rog-strix-geforce-rtx-3080-ti","ASUS ROG Strix GeForce RTX 3080 Ti","ASUS","gpu","ROG-STRIX-RTX3080TI-O12G-GAMING","high"
"gpu-asus-asus-tuf-gaming-geforce-rtx-3080-ti","ASUS TUF Gaming GeForce RTX 3080 Ti","ASUS","gpu","TUF-RTX3080TI-O12G-GAMING","high"
"gpu-asus-asus-dual-geforce-rtx-3080-ti","ASUS Dual GeForce RTX 3080 Ti","ASUS","gpu","DUAL-RTX3080TI-O12G","high"
"gpu-asus-asus-rog-strix-geforce-rtx-3090","ASUS ROG Strix GeForce RTX 3090","ASUS","gpu","ROG-STRIX-RTX3090-O24G-GAMING","high"
"gpu-asus-asus-tuf-gaming-geforce-rtx-3090","ASUS TUF Gaming GeForce RTX 3090","ASUS","gpu","TUF-RTX3090-O24G-GAMING","high"
"gpu-asus-asus-dual-geforce-rtx-3090","ASUS Dual GeForce RTX 3090","ASUS","gpu","DUAL-RTX3090-O24G","high"
"gpu-asus-asus-rog-strix-geforce-rtx-3090-ti","ASUS ROG Strix GeForce RTX 3090 Ti","ASUS","gpu","ROG-STRIX-RTX3090TI-O24G-GAMING","high"
"gpu-asus-asus-tuf-gaming-geforce-rtx-3090-ti","ASUS TUF Gaming GeForce RTX 3090 Ti","ASUS","gpu","TUF-RTX3090TI-O24G-GAMING","high"
"gpu-asus-asus-dual-geforce-rtx-3090-ti","ASUS Dual GeForce RTX 3090 Ti","ASUS","gpu","DUAL-RTX3090TI-O24G","high"
"gpu-asus-asus-rog-strix-geforce-rtx-4060","ASUS ROG Strix GeForce RTX 4060","ASUS","gpu","ROG-STRIX-RTX4060-O8G-GAMING","high"
"gpu-asus-asus-tuf-gaming-geforce-rtx-4060","ASUS TUF Gaming GeForce RTX 4060","ASUS","gpu","TUF-RTX4060-O8G-GAMING","high"
"gpu-asus-asus-dual-geforce-rtx-4060","ASUS Dual GeForce RTX 4060","ASUS","gpu","DUAL-RTX4060-O8G","high"
"gpu-asus-asus-rog-strix-geforce-rtx-4060-ti-8gb","ASUS ROG Strix GeForce RTX 4060 Ti 8GB","ASUS","gpu","ROG-STRIX-RTX4060TI-O8G-GAMING","high"
"gpu-asus-asus-tuf-gaming-geforce-rtx-4060-ti-8gb","ASUS TUF Gaming GeForce RTX 4060 Ti 8GB","ASUS","gpu","TUF-RTX4060TI-O8G-GAMING","high"
"gpu-asus-asus-dual-geforce-rtx-4060-ti-8gb","ASUS Dual GeForce RTX 4060 Ti 8GB","ASUS","gpu","DUAL-RTX4060TI-O8G","high"
"gpu-asus-asus-rog-strix-geforce-rtx-4060-ti-16gb","ASUS ROG Strix GeForce RTX 4060 Ti 16GB","ASUS","gpu","ROG-STRIX-RTX4060TI-O16G-GAMING","high"
"gpu-asus-asus-tuf-gaming-geforce-rtx-4060-ti-16gb","ASUS TUF Gaming GeForce RTX 4060 Ti 16GB","ASUS","gpu","TUF-RTX4060TI-O16G-GAMING","high"
"gpu-asus-asus-dual-geforce-rtx-4060-ti-16gb","ASUS Dual GeForce RTX 4060 Ti 16GB","ASUS","gpu","DUAL-RTX4060TI-O16G","high"
"gpu-asus-asus-rog-strix-geforce-rtx-4070","ASUS ROG Strix GeForce RTX 4070","ASUS","gpu","ROG-STRIX-RTX4070-O12G-GAMING","high"
"gpu-asus-asus-tuf-gaming-geforce-rtx-4070","ASUS TUF Gaming GeForce RTX 4070","ASUS","gpu","TUF-RTX4070-O12G-GAMING","high"
"gpu-asus-asus-dual-geforce-rtx-4070","ASUS Dual GeForce RTX 4070","ASUS","gpu","DUAL-RTX4070-O12G","high"
"gpu-asus-asus-rog-strix-geforce-rtx-4070-super","ASUS ROG Strix GeForce RTX 4070 SUPER","ASUS","gpu","ROG-STRIX-RTX4070S-O12G-GAMING","high"
"gpu-asus-asus-tuf-gaming-geforce-rtx-4070-super","ASUS TUF Gaming GeForce RTX 4070 SUPER","ASUS","gpu","TUF-RTX4070S-O12G-GAMING","high"
"gpu-asus-asus-dual-geforce-rtx-4070-super","ASUS Dual GeForce RTX 4070 SUPER","ASUS","gpu","DUAL-RTX4070S-O12G","high"
"gpu-asus-asus-rog-strix-geforce-rtx-4070-ti-super","ASUS ROG Strix GeForce RTX 4070 Ti SUPER","ASUS","gpu","ROG-STRIX-RTX4070TIS-O16G-GAMING","high"
"gpu-asus-asus-tuf-gaming-geforce-rtx-4070-ti-super","ASUS TUF Gaming GeForce RTX 4070 Ti SUPER","ASUS","gpu","TUF-RTX4070TIS-O16G-GAMING","high"
"gpu-asus-asus-dual-geforce-rtx-4070-ti-super","ASUS Dual GeForce RTX 4070 Ti SUPER","ASUS","gpu","DUAL-RTX4070TIS-O16G","high"
"gpu-asus-asus-rog-strix-geforce-rtx-4080-super","ASUS ROG Strix GeForce RTX 4080 SUPER","ASUS","gpu","ROG-STRIX-RTX4080S-O16G-GAMING","high"
"gpu-asus-asus-tuf-gaming-geforce-rtx-4080-super","ASUS TUF Gaming GeForce RTX 4080 SUPER","ASUS","gpu","TUF-RTX4080S-O16G-GAMING","high"
"gpu-asus-asus-dual-geforce-rtx-4080-super","ASUS Dual GeForce RTX 4080 SUPER","ASUS","gpu","DUAL-RTX4080S-O16G","medium"
"gpu-asus-asus-rog-strix-geforce-rtx-4090","ASUS ROG Strix GeForce RTX 4090","ASUS","gpu","ROG-STRIX-RTX4090-O24G-GAMING","high"
"gpu-asus-asus-tuf-gaming-geforce-rtx-4090","ASUS TUF Gaming GeForce RTX 4090","ASUS","gpu","TUF-RTX4090-O24G-GAMING","high"
"gpu-asus-asus-dual-geforce-rtx-4090","ASUS Dual GeForce RTX 4090","ASUS","gpu","DUAL-RTX4090-O24G","high"
"gpu-asus-asus-rog-strix-geforce-rtx-5060","ASUS ROG Strix GeForce RTX 5060","ASUS","gpu","ROG-STRIX-RTX5060-O8G-GAMING","low"
"gpu-asus-asus-tuf-gaming-geforce-rtx-5060","ASUS TUF Gaming GeForce RTX 5060","ASUS","gpu","TUF-RTX5060-O8G-GAMING","low"
"gpu-asus-asus-dual-geforce-rtx-5060","ASUS Dual GeForce RTX 5060","ASUS","gpu","DUAL-RTX5060-O8G","low"
"gpu-asus-asus-rog-strix-geforce-rtx-5060-ti-16gb","ASUS ROG Strix GeForce RTX 5060 Ti 16GB","ASUS","gpu","ROG-STRIX-RTX5060TI-O16G-GAMING","low"
"gpu-asus-asus-tuf-gaming-geforce-rtx-5060-ti-16gb","ASUS TUF Gaming GeForce RTX 5060 Ti 16GB","ASUS","gpu","TUF-RTX5060TI-O16G-GAMING","low"
"gpu-asus-asus-dual-geforce-rtx-5060-ti-16gb","ASUS Dual GeForce RTX 5060 Ti 16GB","ASUS","gpu","DUAL-RTX5060TI-O16G","low"
"gpu-asus-asus-rog-strix-geforce-rtx-5070","ASUS ROG Strix GeForce RTX 5070","ASUS","gpu","ROG-STRIX-RTX5070-O12G-GAMING","medium"
"gpu-asus-asus-tuf-gaming-geforce-rtx-5070","ASUS TUF Gaming GeForce RTX 5070","ASUS","gpu","TUF-RTX5070-O12G-GAMING","medium"
"gpu-asus-asus-dual-geforce-rtx-5070","ASUS Dual GeForce RTX 5070","ASUS","gpu","DUAL-RTX5070-O12G","medium"
"gpu-asus-asus-rog-strix-geforce-rtx-5070-ti","ASUS ROG Strix GeForce RTX 5070 Ti","ASUS","gpu","ROG-STRIX-RTX5070TI-O16G-GAMING","medium"
"gpu-asus-asus-tuf-gaming-geforce-rtx-5070-ti","ASUS TUF Gaming GeForce RTX 5070 Ti","ASUS","gpu","TUF-RTX5070TI-O16G-GAMING","medium"
"gpu-asus-asus-dual-geforce-rtx-5070-ti","ASUS Dual GeForce RTX 5070 Ti","ASUS","gpu","DUAL-RTX5070TI-O16G","medium"
"gpu-asus-asus-rog-strix-geforce-rtx-5080","ASUS ROG Strix GeForce RTX 5080","ASUS","gpu","ROG-STRIX-RTX5080-O16G-GAMING","medium"
"gpu-asus-asus-tuf-gaming-geforce-rtx-5080","ASUS TUF Gaming GeForce RTX 5080","ASUS","gpu","TUF-RTX5080-O16G-GAMING","medium"
"gpu-asus-asus-dual-geforce-rtx-5080","ASUS Dual GeForce RTX 5080","ASUS","gpu","DUAL-RTX5080-O16G","medium"
"gpu-asus-asus-rog-strix-geforce-rtx-5090","ASUS ROG Strix GeForce RTX 5090","ASUS","gpu","ROG-STRIX-RTX5090-O32G-GAMING","medium"
"gpu-asus-asus-tuf-gaming-geforce-rtx-5090","ASUS TUF Gaming GeForce RTX 5090","ASUS","gpu","TUF-RTX5090-O32G-GAMING","medium"
"gpu-asus-asus-dual-geforce-rtx-5090","ASUS Dual GeForce RTX 5090","ASUS","gpu","DUAL-RTX5090-O32G","low"
"gpu-asus-asus-tuf-gaming-radeon-rx-6600","ASUS TUF Gaming Radeon RX 6600","ASUS","gpu","TUF-RX6600-O8G-GAMING","high"
"gpu-asus-asus-dual-radeon-rx-6600","ASUS Dual Radeon RX 6600","ASUS","gpu","DUAL-RX6600-8G","high"
"gpu-asus-asus-rog-strix-radeon-rx-6650-xt","ASUS ROG Strix Radeon RX 6650 XT","ASUS","gpu","ROG-STRIX-RX6650XT-O8G-GAMING","high"
"gpu-asus-asus-tuf-gaming-radeon-rx-6650-xt","ASUS TUF Gaming Radeon RX 6650 XT","ASUS","gpu","TUF-RX6650XT-O8G-GAMING","high"
"gpu-asus-asus-dual-radeon-rx-6650-xt","ASUS Dual Radeon RX 6650 XT","ASUS","gpu","DUAL-RX6650XT-O8G","high"
"gpu-asus-asus-rog-strix-radeon-rx-6700-xt","ASUS ROG Strix Radeon RX 6700 XT","ASUS","gpu","ROG-STRIX-RX6700XT-O12G-GAMING","high"
"gpu-asus-asus-tuf-gaming-radeon-rx-6700-xt","ASUS TUF Gaming Radeon RX 6700 XT","ASUS","gpu","TUF-RX6700XT-O12G-GAMING","high"
"gpu-asus-asus-dual-radeon-rx-6700-xt","ASUS Dual Radeon RX 6700 XT","ASUS","gpu","DUAL-RX6700XT-O12G","high"
"gpu-asus-asus-rog-strix-radeon-rx-6750-xt","ASUS ROG Strix Radeon RX 6750 XT","ASUS","gpu","ROG-STRIX-RX6750XT-O12G-GAMING","high"
"gpu-asus-asus-tuf-gaming-radeon-rx-6750-xt","ASUS TUF Gaming Radeon RX 6750 XT","ASUS","gpu","TUF-RX6750XT-O12G-GAMING","high"
"gpu-asus-asus-dual-radeon-rx-6750-xt","ASUS Dual Radeon RX 6750 XT","ASUS","gpu","DUAL-RX6750XT-O12G","high"
"gpu-asus-asus-rog-strix-radeon-rx-6800","ASUS ROG Strix Radeon RX 6800","ASUS","gpu","ROG-STRIX-RX6800-O16G-GAMING","high"
"gpu-asus-asus-tuf-gaming-radeon-rx-6800","ASUS TUF Gaming Radeon RX 6800","ASUS","gpu","TUF-RX6800-O16G-GAMING","high"
"gpu-asus-asus-dual-radeon-rx-6800","ASUS Dual Radeon RX 6800","ASUS","gpu","DUAL-RX6800-16G","medium"
"gpu-asus-asus-rog-strix-radeon-rx-6800-xt","ASUS ROG Strix Radeon RX 6800 XT","ASUS","gpu","ROG-STRIX-RX6800XT-O16G-GAMING","high"
"gpu-asus-asus-tuf-gaming-radeon-rx-6800-xt","ASUS TUF Gaming Radeon RX 6800 XT","ASUS","gpu","TUF-RX6800XT-O16G-GAMING","high"
"gpu-asus-asus-dual-radeon-rx-6800-xt","ASUS Dual Radeon RX 6800 XT","ASUS","gpu","DUAL-RX6800XT-O16G","medium"
"gpu-asus-asus-rog-strix-radeon-rx-6900-xt","ASUS ROG Strix Radeon RX 6900 XT","ASUS","gpu","ROG-STRIX-RX6900XT-O16G-GAMING","high"
"gpu-asus-asus-tuf-gaming-radeon-rx-6900-xt","ASUS TUF Gaming Radeon RX 6900 XT","ASUS","gpu","TUF-RX6900XT-O16G-GAMING","high"
"gpu-asus-asus-dual-radeon-rx-6900-xt","ASUS Dual Radeon RX 6900 XT","ASUS","gpu","DUAL-RX6900XT-O16G","low"
"gpu-asus-asus-rog-strix-radeon-rx-6950-xt","ASUS ROG Strix Radeon RX 6950 XT","ASUS","gpu","ROG-STRIX-RX6950XT-O16G-GAMING","high"
"gpu-asus-asus-tuf-gaming-radeon-rx-6950-xt","ASUS TUF Gaming Radeon RX 6950 XT","ASUS","gpu","TUF-RX6950XT-O16G-GAMING","high"
"gpu-asus-asus-dual-radeon-rx-6950-xt","ASUS Dual Radeon RX 6950 XT","ASUS","gpu","DUAL-RX6950XT-O16G","high"
"gpu-asus-asus-rog-strix-radeon-rx-7600","ASUS ROG Strix Radeon RX 7600","ASUS","gpu","ROG-STRIX-RX7600-O8G-GAMING","high"
"gpu-asus-asus-tuf-gaming-radeon-rx-7600","ASUS TUF Gaming Radeon RX 7600","ASUS","gpu","TUF-RX7600-O8G-GAMING","high"
"gpu-asus-asus-dual-radeon-rx-7600","ASUS Dual Radeon RX 7600","ASUS","gpu","DUAL-RX7600-8G","high"
"gpu-asus-asus-rog-strix-radeon-rx-7600-xt","ASUS ROG Strix Radeon RX 7600 XT","ASUS","gpu","ROG-STRIX-RX7600XT-O16G-GAMING","medium"
"gpu-asus-asus-tuf-gaming-radeon-rx-7600-xt","ASUS TUF Gaming Radeon RX 7600 XT","ASUS","gpu","TUF-RX7600XT-O16G-GAMING","medium"
"gpu-asus-asus-dual-radeon-rx-7600-xt","ASUS Dual Radeon RX 7600 XT","ASUS","gpu","DUAL-RX7600XT-16G","medium"
"gpu-asus-asus-rog-strix-radeon-rx-7700-xt","ASUS ROG Strix Radeon RX 7700 XT","ASUS","gpu","ROG-STRIX-RX7700XT-O12G-GAMING","high"
"gpu-asus-asus-tuf-gaming-radeon-rx-7700-xt","ASUS TUF Gaming Radeon RX 7700 XT","ASUS","gpu","TUF-RX7700XT-O12G-GAMING","high"
"gpu-asus-asus-dual-radeon-rx-7700-xt","ASUS Dual Radeon RX 7700 XT","ASUS","gpu","DUAL-RX7700XT-O12G","high"
"gpu-asus-asus-rog-strix-radeon-rx-7800-xt","ASUS ROG Strix Radeon RX 7800 XT","ASUS","gpu","ROG-STRIX-RX7800XT-O16G-GAMING","high"
"gpu-asus-asus-tuf-gaming-radeon-rx-7800-xt","ASUS TUF Gaming Radeon RX 7800 XT","ASUS","gpu","TUF-RX7800XT-O16G-GAMING","high"
"gpu-asus-asus-dual-radeon-rx-7800-xt","ASUS Dual Radeon RX 7800 XT","ASUS","gpu","DUAL-RX7800XT-O16G","high"
"gpu-asus-asus-rog-strix-radeon-rx-7900-gre","ASUS ROG Strix Radeon RX 7900 GRE","ASUS","gpu","ROG-STRIX-RX7900GRE-O16G-GAMING","high"
"gpu-asus-asus-tuf-gaming-radeon-rx-7900-gre","ASUS TUF Gaming Radeon RX 7900 GRE","ASUS","gpu","TUF-RX7900GRE-O16G-GAMING","high"
"gpu-asus-asus-dual-radeon-rx-7900-gre","ASUS Dual Radeon RX 7900 GRE","ASUS","gpu","DUAL-RX7900GRE-O16G","high"
"gpu-asus-asus-rog-strix-radeon-rx-7900-xt","ASUS ROG Strix Radeon RX 7900 XT","ASUS","gpu","ROG-STRIX-RX7900XT-O20G-GAMING","high"
"gpu-asus-asus-tuf-gaming-radeon-rx-7900-xt","ASUS TUF Gaming Radeon RX 7900 XT","ASUS","gpu","TUF-RX7900XT-O20G-GAMING","high"
"gpu-asus-asus-dual-radeon-rx-7900-xt","ASUS Dual Radeon RX 7900 XT","ASUS","gpu","DUAL-RX7900XT-O20G","medium"
"gpu-asus-asus-rog-strix-radeon-rx-7900-xtx","ASUS ROG Strix Radeon RX 7900 XTX","ASUS","gpu","ROG-STRIX-RX7900XTX-O24G-GAMING","high"
"gpu-asus-asus-tuf-gaming-radeon-rx-7900-xtx","ASUS TUF Gaming Radeon RX 7900 XTX","ASUS","gpu","TUF-RX7900XTX-O24G-GAMING","high"
"gpu-asus-asus-dual-radeon-rx-7900-xtx","ASUS Dual Radeon RX 7900 XTX","ASUS","gpu","DUAL-RX7900XTX-O24G","high"
"gpu-asus-asus-rog-strix-radeon-rx-9060-xt","ASUS ROG Strix Radeon RX 9060 XT","ASUS","gpu","ROG-STRIX-RX9060XT-O16G-GAMING","low"
"gpu-asus-asus-tuf-gaming-radeon-rx-9060-xt","ASUS TUF Gaming Radeon RX 9060 XT","ASUS","gpu","TUF-RX9060XT-O16G-GAMING","low"
"gpu-asus-asus-dual-radeon-rx-9060-xt","ASUS Dual Radeon RX 9060 XT","ASUS","gpu","DUAL-RX9060XT-O16G","low"
"gpu-asus-asus-rog-strix-radeon-rx-9070","ASUS ROG Strix Radeon RX 9070","ASUS","gpu","ROG-STRIX-RX9070-O16G-GAMING","medium"
"gpu-asus-asus-tuf-gaming-radeon-rx-9070","ASUS TUF Gaming Radeon RX 9070","ASUS","gpu","TUF-RX9070-O16G-GAMING","medium"
"gpu-asus-asus-dual-radeon-rx-9070","ASUS Dual Radeon RX 9070","ASUS","gpu","DUAL-RX9070-O16G","medium"
"gpu-asus-asus-rog-strix-radeon-rx-9070-xt","ASUS ROG Strix Radeon RX 9070 XT","ASUS","gpu","ROG-STRIX-RX9070XT-O16G-GAMING","medium"
"gpu-asus-asus-tuf-gaming-radeon-rx-9070-xt","ASUS TUF Gaming Radeon RX 9070 XT","ASUS","gpu","TUF-RX9070XT-O16G-GAMING","medium"
"gpu-asus-asus-dual-radeon-rx-9070-xt","ASUS Dual Radeon RX 9070 XT","ASUS","gpu","DUAL-RX9070XT-O16G","medium"
"gpu-msi-msi-geforce-rtx-3050-ventus-2x","MSI GeForce RTX 3050 VENTUS 2X","MSI","gpu","RTX 3050 VENTUS 2X 8G OC","medium"
"gpu-msi-msi-geforce-rtx-3050-shadow","MSI GeForce RTX 3050 SHADOW","MSI","gpu","RTX 3050 SHADOW 8G","medium"
"gpu-msi-msi-geforce-rtx-3060-suprim-x","MSI GeForce RTX 3060 SUPRIM X","MSI","gpu","RTX 3060 SUPRIM X 12G","medium"
"gpu-msi-msi-geforce-rtx-3060-gaming-x-trio","MSI GeForce RTX 3060 GAMING X TRIO","MSI","gpu","RTX 3060 GAMING X TRIO 12G","high"
"gpu-msi-msi-geforce-rtx-3060-ventus-2x","MSI GeForce RTX 3060 VENTUS 2X","MSI","gpu","RTX 3060 VENTUS 2X 12G OC","medium"
"gpu-msi-msi-geforce-rtx-3060-ti-suprim-x","MSI GeForce RTX 3060 Ti SUPRIM X","MSI","gpu","RTX 3060 Ti SUPRIM X 8G LHR","medium"
"gpu-msi-msi-geforce-rtx-3060-ti-gaming-x-trio","MSI GeForce RTX 3060 Ti GAMING X TRIO","MSI","gpu","RTX 3060 Ti GAMING X TRIO 8G","high"
"gpu-msi-msi-geforce-rtx-3060-ti-ventus-2x","MSI GeForce RTX 3060 Ti VENTUS 2X","MSI","gpu","RTX 3060 Ti VENTUS 2X 8G OC LHR","medium"
"gpu-msi-msi-geforce-rtx-3070-suprim-x","MSI GeForce RTX 3070 SUPRIM X","MSI","gpu","RTX 3070 SUPRIM X 8G","high"
"gpu-msi-msi-geforce-rtx-3070-gaming-x-trio","MSI GeForce RTX 3070 GAMING X TRIO","MSI","gpu","RTX 3070 GAMING X TRIO 8G","high"
"gpu-msi-msi-geforce-rtx-3070-ventus-2x","MSI GeForce RTX 3070 VENTUS 2X","MSI","gpu","RTX 3070 VENTUS 2X 8G OC","medium"
"gpu-msi-msi-geforce-rtx-3070-ti-suprim-x","MSI GeForce RTX 3070 Ti SUPRIM X","MSI","gpu","RTX 3070 Ti SUPRIM X 8G","high"
"gpu-msi-msi-geforce-rtx-3070-ti-gaming-x-trio","MSI GeForce RTX 3070 Ti GAMING X TRIO","MSI","gpu","RTX 3070 Ti GAMING X TRIO 8G","high"
"gpu-msi-msi-geforce-rtx-3070-ti-ventus-2x","MSI GeForce RTX 3070 Ti VENTUS 2X","MSI","gpu","RTX 3070 Ti VENTUS 2X 8G OC","medium"
"gpu-msi-msi-geforce-rtx-3080-suprim-x","MSI GeForce RTX 3080 SUPRIM X","MSI","gpu","RTX 3080 SUPRIM X 10G","medium"
"gpu-msi-msi-geforce-rtx-3080-gaming-x-trio","MSI GeForce RTX 3080 GAMING X TRIO","MSI","gpu","RTX 3080 GAMING X TRIO 10G","high"
"gpu-msi-msi-geforce-rtx-3080-ventus-2x","MSI GeForce RTX 3080 VENTUS 2X","MSI","gpu","RTX 3080 VENTUS 2X 10G OC","medium"
"gpu-msi-msi-geforce-rtx-3080-ti-suprim-x","MSI GeForce RTX 3080 Ti SUPRIM X","MSI","gpu","RTX 3080 Ti SUPRIM X 12G","high"
"gpu-msi-msi-geforce-rtx-3080-ti-gaming-x-trio","MSI GeForce RTX 3080 Ti GAMING X TRIO","MSI","gpu","RTX 3080 Ti GAMING X TRIO 12G","high"
"gpu-msi-msi-geforce-rtx-3080-ti-ventus-2x","MSI GeForce RTX 3080 Ti VENTUS 2X","MSI","gpu","RTX 3080 Ti VENTUS 2X 12G","high"
"gpu-msi-msi-geforce-rtx-3090-suprim-x","MSI GeForce RTX 3090 SUPRIM X","MSI","gpu","RTX 3090 SUPRIM X 24G","high"
"gpu-msi-msi-geforce-rtx-3090-gaming-x-trio","MSI GeForce RTX 3090 GAMING X TRIO","MSI","gpu","RTX 3090 GAMING X TRIO 24G","high"
"gpu-msi-msi-geforce-rtx-3090-ventus-2x","MSI GeForce RTX 3090 VENTUS 2X","MSI","gpu","RTX 3090 VENTUS 2X 24G","high"
"gpu-msi-msi-geforce-rtx-3090-ti-suprim-x","MSI GeForce RTX 3090 Ti SUPRIM X","MSI","gpu","RTX 3090 Ti SUPRIM X 24G","high"
"gpu-msi-msi-geforce-rtx-3090-ti-gaming-x-trio","MSI GeForce RTX 3090 Ti GAMING X TRIO","MSI","gpu","RTX 3090 Ti GAMING X TRIO 24G","high"
"gpu-msi-msi-geforce-rtx-3090-ti-ventus-2x","MSI GeForce RTX 3090 Ti VENTUS 2X","MSI","gpu","RTX 3090 Ti VENTUS 2X 24G","medium"
"gpu-msi-msi-geforce-rtx-4060-suprim-x","MSI GeForce RTX 4060 SUPRIM X","MSI","gpu","RTX 4060 SUPRIM X 8G","high"
"gpu-msi-msi-geforce-rtx-4060-gaming-x-trio","MSI GeForce RTX 4060 GAMING X TRIO","MSI","gpu","RTX 4060 GAMING X TRIO 8G","high"
"gpu-msi-msi-geforce-rtx-4060-ventus-2x","MSI GeForce RTX 4060 VENTUS 2X","MSI","gpu","RTX 4060 VENTUS 2X 8G OC","medium"
"gpu-msi-msi-geforce-rtx-4060-ti-8gb-suprim-x","MSI GeForce RTX 4060 Ti 8GB SUPRIM X","MSI","gpu","RTX 4060 Ti 8G SUPRIM X","medium"
"gpu-msi-msi-geforce-rtx-4060-ti-8gb-gaming-x-trio","MSI GeForce RTX 4060 Ti 8GB GAMING X TRIO","MSI","gpu","RTX 4060 Ti 8G GAMING X TRIO","medium"
"gpu-msi-msi-geforce-rtx-4060-ti-8gb-ventus-2x","MSI GeForce RTX 4060 Ti 8GB VENTUS 2X","MSI","gpu","RTX 4060 Ti 8G VENTUS 2X OC","medium"
"gpu-msi-msi-geforce-rtx-4060-ti-16gb-suprim-x","MSI GeForce RTX 4060 Ti 16GB SUPRIM X","MSI","gpu","RTX 4060 Ti 16G SUPRIM X","medium"
"gpu-msi-msi-geforce-rtx-4060-ti-16gb-gaming-x-trio","MSI GeForce RTX 4060 Ti 16GB GAMING X TRIO","MSI","gpu","RTX 4060 Ti 16G GAMING X TRIO","medium"
"gpu-msi-msi-geforce-rtx-4060-ti-16gb-ventus-2x","MSI GeForce RTX 4060 Ti 16GB VENTUS 2X","MSI","gpu","RTX 4060 Ti 16G VENTUS 2X OC","medium"
"gpu-msi-msi-geforce-rtx-4070-suprim-x","MSI GeForce RTX 4070 SUPRIM X","MSI","gpu","RTX 4070 12G SUPRIM X","medium"
"gpu-msi-msi-geforce-rtx-4070-gaming-x-trio","MSI GeForce RTX 4070 GAMING X TRIO","MSI","gpu","RTX 4070 12G GAMING X TRIO","medium"
"gpu-msi-msi-geforce-rtx-4070-ventus-2x","MSI GeForce RTX 4070 VENTUS 2X","MSI","gpu","RTX 4070 12G VENTUS 2X OC","medium"
"gpu-msi-msi-geforce-rtx-4070-super-suprim-x","MSI GeForce RTX 4070 SUPER SUPRIM X","MSI","gpu","RTX 4070 SUPER 12G SUPRIM X","high"
"gpu-msi-msi-geforce-rtx-4070-super-gaming-x-trio","MSI GeForce RTX 4070 SUPER GAMING X TRIO","MSI","gpu","RTX 4070 SUPER 12G GAMING X TRIO","high"
"gpu-msi-msi-geforce-rtx-4070-super-ventus-2x","MSI GeForce RTX 4070 SUPER VENTUS 2X","MSI","gpu","RTX 4070 SUPER 12G VENTUS 2X","high"
"gpu-msi-msi-geforce-rtx-4070-ti-super-suprim-x","MSI GeForce RTX 4070 Ti SUPER SUPRIM X","MSI","gpu","RTX 4070 Ti SUPER 16G SUPRIM X","high"
"gpu-msi-msi-geforce-rtx-4070-ti-super-gaming-x-trio","MSI GeForce RTX 4070 Ti SUPER GAMING X TRIO","MSI","gpu","RTX 4070 Ti SUPER 16G GAMING X TRIO","high"
"gpu-msi-msi-geforce-rtx-4070-ti-super-ventus-2x","MSI GeForce RTX 4070 Ti SUPER VENTUS 2X","MSI","gpu","RTX 4070 Ti SUPER 16G VENTUS 2X","high"
"gpu-msi-msi-geforce-rtx-4080-super-suprim-x","MSI GeForce RTX 4080 SUPER SUPRIM X","MSI","gpu","RTX 4080 SUPER 16G SUPRIM X","high"
"gpu-msi-msi-geforce-rtx-4080-super-gaming-x-trio","MSI GeForce RTX 4080 SUPER GAMING X TRIO","MSI","gpu","RTX 4080 SUPER 16G GAMING X TRIO","high"
"gpu-msi-msi-geforce-rtx-4080-super-ventus-2x","MSI GeForce RTX 4080 SUPER VENTUS 2X","MSI","gpu","RTX 4080 SUPER 16G VENTUS 2X","medium"
"gpu-msi-msi-geforce-rtx-4090-suprim-x","MSI GeForce RTX 4090 SUPRIM X","MSI","gpu","RTX 4090 24G SUPRIM X","high"
"gpu-msi-msi-geforce-rtx-4090-gaming-x-trio","MSI GeForce RTX 4090 GAMING X TRIO","MSI","gpu","RTX 4090 GAMING X TRIO 24G","high"
"gpu-msi-msi-geforce-rtx-4090-ventus-2x","MSI GeForce RTX 4090 VENTUS 2X","MSI","gpu","RTX 4090 VENTUS 3X 24G OC","medium"
"gpu-msi-msi-geforce-rtx-5060-suprim-x","MSI GeForce RTX 5060 SUPRIM X","MSI","gpu","RTX 5060 SUPRIM X 8G","medium"
"gpu-msi-msi-geforce-rtx-5060-gaming-x-trio","MSI GeForce RTX 5060 GAMING X TRIO","MSI","gpu","RTX 5060 GAMING X TRIO 8G","medium"
"gpu-msi-msi-geforce-rtx-5060-ventus-2x","MSI GeForce RTX 5060 VENTUS 2X","MSI","gpu","RTX 5060 VENTUS 2X 8G","medium"
"gpu-msi-msi-geforce-rtx-5060-ti-16gb-suprim-x","MSI GeForce RTX 5060 Ti 16GB SUPRIM X","MSI","gpu","RTX 5060 Ti SUPRIM X 16G","medium"
"gpu-msi-msi-geforce-rtx-5060-ti-16gb-gaming-x-trio","MSI GeForce RTX 5060 Ti 16GB GAMING X TRIO","MSI","gpu","RTX 5060 Ti GAMING X TRIO 16G","medium"
"gpu-msi-msi-geforce-rtx-5060-ti-16gb-ventus-2x","MSI GeForce RTX 5060 Ti 16GB VENTUS 2X","MSI","gpu","RTX 5060 Ti VENTUS 2X 16G","medium"
"gpu-msi-msi-geforce-rtx-5070-suprim-x","MSI GeForce RTX 5070 SUPRIM X","MSI","gpu","RTX 5070 SUPRIM X 12G","medium"
"gpu-msi-msi-geforce-rtx-5070-gaming-x-trio","MSI GeForce RTX 5070 GAMING X TRIO","MSI","gpu","RTX 5070 GAMING X TRIO 12G","medium"
"gpu-msi-msi-geforce-rtx-5070-ventus-2x","MSI GeForce RTX 5070 VENTUS 2X","MSI","gpu","RTX 5070 VENTUS 2X 12G","low"
"gpu-msi-msi-geforce-rtx-5070-ti-suprim-x","MSI GeForce RTX 5070 Ti SUPRIM X","MSI","gpu","RTX 5070 Ti SUPRIM X 16G","low"
"gpu-msi-msi-geforce-rtx-5070-ti-gaming-x-trio","MSI GeForce RTX 5070 Ti GAMING X TRIO","MSI","gpu","RTX 5070 Ti GAMING X TRIO 16G","low"
"gpu-msi-msi-geforce-rtx-5070-ti-ventus-2x","MSI GeForce RTX 5070 Ti VENTUS 2X","MSI","gpu","RTX 5070 Ti VENTUS 2X 16G","low"
"gpu-msi-msi-geforce-rtx-5080-suprim-x","MSI GeForce RTX 5080 SUPRIM X","MSI","gpu","RTX 5080 SUPRIM X 16G","low"
"gpu-msi-msi-geforce-rtx-5080-gaming-x-trio","MSI GeForce RTX 5080 GAMING X TRIO","MSI","gpu","RTX 5080 GAMING X TRIO 16G","low"
"gpu-msi-msi-geforce-rtx-5080-ventus-2x","MSI GeForce RTX 5080 VENTUS 2X","MSI","gpu","RTX 5080 VENTUS 2X 16G","low"
"gpu-msi-msi-geforce-rtx-5090-suprim-x","MSI GeForce RTX 5090 SUPRIM X","MSI","gpu","RTX 5090 SUPRIM X 32G","low"
"gpu-msi-msi-geforce-rtx-5090-gaming-x-trio","MSI GeForce RTX 5090 GAMING X TRIO","MSI","gpu","RTX 5090 GAMING X TRIO 32G","low"
"gpu-msi-msi-geforce-rtx-5090-ventus-2x","MSI GeForce RTX 5090 VENTUS 2X","MSI","gpu","RTX 5090 VENTUS 2X 32G","low"
"gpu-msi-msi-radeon-rx-6600-ventus-2x","MSI Radeon RX 6600 VENTUS 2X","MSI","gpu","RX 6600 VENTUS 2X 8G","high"
"gpu-msi-msi-radeon-rx-6600-shadow","MSI Radeon RX 6600 SHADOW","MSI","gpu","RX 6600 SHADOW 8G","medium"
"gpu-msi-msi-radeon-rx-6650-xt-suprim-x","MSI Radeon RX 6650 XT SUPRIM X","MSI","gpu","RX 6650 XT SUPRIM X 8G","high"
"gpu-msi-msi-radeon-rx-6650-xt-gaming-x-trio","MSI Radeon RX 6650 XT GAMING X TRIO","MSI","gpu","RX 6650 XT GAMING X TRIO 8G","high"
"gpu-msi-msi-radeon-rx-6650-xt-ventus-2x","MSI Radeon RX 6650 XT VENTUS 2X","MSI","gpu","RX 6650 XT VENTUS 2X 8G","high"
"gpu-msi-msi-radeon-rx-6700-xt-suprim-x","MSI Radeon RX 6700 XT SUPRIM X","MSI","gpu","RX 6700 XT SUPRIM X 12G","high"
"gpu-msi-msi-radeon-rx-6700-xt-gaming-x-trio","MSI Radeon RX 6700 XT GAMING X TRIO","MSI","gpu","RX 6700 XT GAMING X TRIO 12G","high"
"gpu-msi-msi-radeon-rx-6700-xt-ventus-2x","MSI Radeon RX 6700 XT VENTUS 2X","MSI","gpu","RX 6700 XT VENTUS 2X 12G","high"
"gpu-msi-msi-radeon-rx-6750-xt-suprim-x","MSI Radeon RX 6750 XT SUPRIM X","MSI","gpu","RX 6750 XT SUPRIM X 12G","high"
"gpu-msi-msi-radeon-rx-6750-xt-gaming-x-trio","MSI Radeon RX 6750 XT GAMING X TRIO","MSI","gpu","RX 6750 XT GAMING X TRIO 12G","high"
"gpu-msi-msi-radeon-rx-6750-xt-ventus-2x","MSI Radeon RX 6750 XT VENTUS 2X","MSI","gpu","RX 6750 XT VENTUS 2X 12G","medium"
"gpu-msi-msi-radeon-rx-6800-suprim-x","MSI Radeon RX 6800 SUPRIM X","MSI","gpu","RX 6800 SUPRIM X 16G","medium"
"gpu-msi-msi-radeon-rx-6800-gaming-x-trio","MSI Radeon RX 6800 GAMING X TRIO","MSI","gpu","RX 6800 GAMING X TRIO 16G","medium"
"gpu-msi-msi-radeon-rx-6800-ventus-2x","MSI Radeon RX 6800 VENTUS 2X","MSI","gpu","RX 6800 VENTUS 2X 16G OC","medium"
"gpu-msi-msi-radeon-rx-6800-xt-suprim-x","MSI Radeon RX 6800 XT SUPRIM X","MSI","gpu","RX 6800 XT SUPRIM X 16G","medium"
"gpu-msi-msi-radeon-rx-6800-xt-gaming-x-trio","MSI Radeon RX 6800 XT GAMING X TRIO","MSI","gpu","RX 6800 XT GAMING X TRIO 16G","medium"
"gpu-msi-msi-radeon-rx-6800-xt-ventus-2x","MSI Radeon RX 6800 XT VENTUS 2X","MSI","gpu","RX 6800 XT VENTUS 2X 16G OC","medium"
"gpu-msi-msi-radeon-rx-6900-xt-suprim-x","MSI Radeon RX 6900 XT SUPRIM X","MSI","gpu","RX 6900 XT SUPRIM X 16G","medium"
"gpu-msi-msi-radeon-rx-6900-xt-gaming-x-trio","MSI Radeon RX 6900 XT GAMING X TRIO","MSI","gpu","RX 6900 XT GAMING X TRIO 16G","medium"
"gpu-msi-msi-radeon-rx-6900-xt-ventus-2x","MSI Radeon RX 6900 XT VENTUS 2X","MSI","gpu","RX 6900 XT VENTUS 2X 16G OC","low"
"gpu-msi-msi-radeon-rx-6950-xt-suprim-x","MSI Radeon RX 6950 XT SUPRIM X","MSI","gpu","RX 6950 XT SUPRIM X 16G","high"
"gpu-msi-msi-radeon-rx-6950-xt-gaming-x-trio","MSI Radeon RX 6950 XT GAMING X TRIO","MSI","gpu","RX 6950 XT GAMING X TRIO 16G","high"
"gpu-msi-msi-radeon-rx-6950-xt-ventus-2x","MSI Radeon RX 6950 XT VENTUS 2X","MSI","gpu","RX 6950 XT VENTUS 2X OC","medium"
"gpu-msi-msi-radeon-rx-7600-suprim-x","MSI Radeon RX 7600 SUPRIM X","MSI","gpu","RX 7600 SUPRIM X 8G","high"
"gpu-msi-msi-radeon-rx-7600-gaming-x-trio","MSI Radeon RX 7600 GAMING X TRIO","MSI","gpu","RX 7600 GAMING X TRIO 8G","high"
"gpu-msi-msi-radeon-rx-7600-ventus-2x","MSI Radeon RX 7600 VENTUS 2X","MSI","gpu","RX 7600 VENTUS 2X 8G","high"
"gpu-msi-msi-radeon-rx-7600-xt-suprim-x","MSI Radeon RX 7600 XT SUPRIM X","MSI","gpu","RX 7600 XT SUPRIM X 16G","medium"
"gpu-msi-msi-radeon-rx-7600-xt-gaming-x-trio","MSI Radeon RX 7600 XT GAMING X TRIO","MSI","gpu","RX 7600 XT GAMING X TRIO 16G","medium"
"gpu-msi-msi-radeon-rx-7600-xt-ventus-2x","MSI Radeon RX 7600 XT VENTUS 2X","MSI","gpu","RX 7600 XT VENTUS 2X 16G","medium"
"gpu-msi-msi-radeon-rx-7700-xt-suprim-x","MSI Radeon RX 7700 XT SUPRIM X","MSI","gpu","RX 7700 XT SUPRIM X 12G","medium"
"gpu-msi-msi-radeon-rx-7700-xt-gaming-x-trio","MSI Radeon RX 7700 XT GAMING X TRIO","MSI","gpu","RX 7700 XT GAMING X TRIO 12G","medium"
"gpu-msi-msi-radeon-rx-7700-xt-ventus-2x","MSI Radeon RX 7700 XT VENTUS 2X","MSI","gpu","RX 7700 XT VENTUS 2X 12G","medium"
"gpu-msi-msi-radeon-rx-7800-xt-suprim-x","MSI Radeon RX 7800 XT SUPRIM X","MSI","gpu","RX 7800 XT SUPRIM X 16G","medium"
"gpu-msi-msi-radeon-rx-7800-xt-gaming-x-trio","MSI Radeon RX 7800 XT GAMING X TRIO","MSI","gpu","RX 7800 XT GAMING X TRIO 16G","medium"
"gpu-msi-msi-radeon-rx-7800-xt-ventus-2x","MSI Radeon RX 7800 XT VENTUS 2X","MSI","gpu","RX 7800 XT VENTUS 2X 16G","medium"
"gpu-msi-msi-radeon-rx-7900-gre-suprim-x","MSI Radeon RX 7900 GRE SUPRIM X","MSI","gpu","RX 7900 GRE SUPRIM X 16G","medium"
"gpu-msi-msi-radeon-rx-7900-gre-gaming-x-trio","MSI Radeon RX 7900 GRE GAMING X TRIO","MSI","gpu","RX 7900 GRE GAMING X TRIO 16G","medium"
"gpu-msi-msi-radeon-rx-7900-gre-ventus-2x","MSI Radeon RX 7900 GRE VENTUS 2X","MSI","gpu","RX 7900 GRE VENTUS 2X 16G","medium"
"gpu-msi-msi-radeon-rx-7900-xt-suprim-x","MSI Radeon RX 7900 XT SUPRIM X","MSI","gpu","RX 7900 XT SUPRIM X 20G","medium"
"gpu-msi-msi-radeon-rx-7900-xt-gaming-x-trio","MSI Radeon RX 7900 XT GAMING X TRIO","MSI","gpu","RX 7900 XT GAMING X TRIO 20G","medium"
"gpu-msi-msi-radeon-rx-7900-xt-ventus-2x","MSI Radeon RX 7900 XT VENTUS 2X","MSI","gpu","RX 7900 XT VENTUS 2X 20G","medium"
"gpu-msi-msi-radeon-rx-7900-xtx-suprim-x","MSI Radeon RX 7900 XTX SUPRIM X","MSI","gpu","RX 7900 XTX SUPRIM X 24G","medium"
"gpu-msi-msi-radeon-rx-7900-xtx-gaming-x-trio","MSI Radeon RX 7900 XTX GAMING X TRIO","MSI","gpu","RX 7900 XTX GAMING X TRIO 24G","medium"
"gpu-msi-msi-radeon-rx-7900-xtx-ventus-2x","MSI Radeon RX 7900 XTX VENTUS 2X","MSI","gpu","RX 7900 XTX VENTUS 2X 24G","medium"
"gpu-msi-msi-radeon-rx-9060-xt-suprim-x","MSI Radeon RX 9060 XT SUPRIM X","MSI","gpu","RX 9060 XT SUPRIM X 16G","low"
"gpu-msi-msi-radeon-rx-9060-xt-gaming-x-trio","MSI Radeon RX 9060 XT GAMING X TRIO","MSI","gpu","RX 9060 XT GAMING X TRIO 16G","low"
"gpu-msi-msi-radeon-rx-9060-xt-ventus-2x","MSI Radeon RX 9060 XT VENTUS 2X","MSI","gpu","RX 9060 XT VENTUS 2X 16G","low"
"gpu-msi-msi-radeon-rx-9070-suprim-x","MSI Radeon RX 9070 SUPRIM X","MSI","gpu","RX 9070 SUPRIM X 16G","low"
"gpu-msi-msi-radeon-rx-9070-gaming-x-trio","MSI Radeon RX 9070 GAMING X TRIO","MSI","gpu","RX 9070 GAMING X TRIO 16G","low"
"gpu-msi-msi-radeon-rx-9070-ventus-2x","MSI Radeon RX 9070 VENTUS 2X","MSI","gpu","RX 9070 VENTUS 2X 16G","low"
"gpu-msi-msi-radeon-rx-9070-xt-suprim-x","MSI Radeon RX 9070 XT SUPRIM X","MSI","gpu","RX 9070 XT SUPRIM X 16G","medium"
"gpu-msi-msi-radeon-rx-9070-xt-gaming-x-trio","MSI Radeon RX 9070 XT GAMING X TRIO","MSI","gpu","RX 9070 XT GAMING X TRIO 16G","medium"
"gpu-msi-msi-radeon-rx-9070-xt-ventus-2x","MSI Radeon RX 9070 XT VENTUS 2X","MSI","gpu","RX 9070 XT VENTUS 2X 16G","medium"
"psu-asus-asus-rog-thor-platinum-ii-850w","ASUS ROG Thor Platinum II 850W","ASUS","psu","ROG-THOR-850P2-GAMING","high"
"psu-asus-asus-rog-thor-platinum-ii-1000w","ASUS ROG Thor Platinum II 1000W","ASUS","psu","ROG-THOR-1000P2-GAMING","high"
"psu-asus-asus-rog-thor-platinum-ii-1200w","ASUS ROG Thor Platinum II 1200W","ASUS","psu","ROG-THOR-1200P2-GAMING","high"
"psu-asus-asus-rog-thor-platinum-ii-1600w","ASUS ROG Thor Platinum II 1600W","ASUS","psu","ROG-THOR-1600T-GAMING","medium"
"psu-asus-asus-rog-strix-gold-aura-edition-750w","ASUS ROG Strix Gold Aura Edition 750W","ASUS","psu","ROG-STRIX-750G-AURA-GAMING","medium"
"psu-asus-asus-rog-strix-gold-aura-edition-850w","ASUS ROG Strix Gold Aura Edition 850W","ASUS","psu","ROG-STRIX-850G-AURA-GAMING","medium"
"psu-asus-asus-rog-strix-gold-aura-edition-1000w","ASUS ROG Strix Gold Aura Edition 1000W","ASUS","psu","ROG-STRIX-1000G-AURA-GAMING","medium"
"psu-asus-asus-rog-strix-gold-aura-edition-1200w","ASUS ROG Strix Gold Aura Edition 1200W","ASUS","psu","ROG-STRIX-1200G-AURA-GAMING","medium"
"psu-asus-asus-rog-loki-sfx-l-platinum-750w","ASUS ROG Loki SFX-L Platinum 750W","ASUS","psu","ROG-LOKI-750P-SFX-L-GAMING","medium"
"psu-asus-asus-rog-loki-sfx-l-platinum-850w","ASUS ROG Loki SFX-L Platinum 850W","ASUS","psu","ROG-LOKI-850P-SFX-L-GAMING","medium"
"psu-asus-asus-rog-loki-sfx-l-platinum-1000w","ASUS ROG Loki SFX-L Platinum 1000W","ASUS","psu","ROG-LOKI-1000P-SFX-L-GAMING","medium"
"psu-asus-asus-rog-loki-sfx-l-platinum-1200w","ASUS ROG Loki SFX-L Platinum 1200W","ASUS","psu","ROG-LOKI-1200P-SFX-L-GAMING","medium"
"psu-asus-asus-tuf-gaming-gold-750w","ASUS TUF Gaming Gold 750W","ASUS","psu","TUF-GAMING-750G","medium"
"psu-asus-asus-tuf-gaming-gold-850w","ASUS TUF Gaming Gold 850W","ASUS","psu","TUF-GAMING-850G","medium"
"psu-asus-asus-tuf-gaming-gold-1000w","ASUS TUF Gaming Gold 1000W","ASUS","psu","TUF-GAMING-1000G","medium"
"psu-asus-asus-tuf-gaming-gold-1200w","ASUS TUF Gaming Gold 1200W","ASUS","psu","TUF-GAMING-1200G","medium"
"psu-asus-asus-tuf-gaming-bronze-450w","ASUS TUF Gaming Bronze 450W","ASUS","psu","TUF-GAMING-450B","medium"
"psu-asus-asus-tuf-gaming-bronze-550w","ASUS TUF Gaming Bronze 550W","ASUS","psu","TUF-GAMING-550B","medium"
"psu-asus-asus-tuf-gaming-bronze-650w","ASUS TUF Gaming Bronze 650W","ASUS","psu","TUF-GAMING-650B","medium"
"psu-asus-asus-tuf-gaming-bronze-750w","ASUS TUF Gaming Bronze 750W","ASUS","psu","TUF-GAMING-750B","medium"
"psu-asus-asus-prime-gold-750w","ASUS Prime Gold 750W","ASUS","psu","AP-750G","medium"
"psu-asus-asus-prime-gold-850w","ASUS Prime Gold 850W","ASUS","psu","AP-850G","medium"
"psu-asus-asus-prime-gold-1000w","ASUS Prime Gold 1000W","ASUS","psu","AP-1000G","medium"
"psu-msi-msi-meg-ai-pcie5-1000w","MSI MEG Ai PCIE5 1000W","MSI","psu","MEG-AI1000P-PCIE5","medium"
"psu-msi-msi-meg-ai-pcie5-1300w","MSI MEG Ai PCIE5 1300W","MSI","psu","MEG-AI1300P-PCIE5","medium"
"psu-msi-msi-meg-ai-pcie5-1600w","MSI MEG Ai PCIE5 1600W","MSI","psu","MEG-AI1600P-PCIE5","medium"
"psu-msi-msi-mpg-a-g-pcie5-750w","MSI MPG A-G PCIE5 750W","MSI","psu","MPG-A750GF-PCIE5","low"
"psu-msi-msi-mpg-a-g-pcie5-850w","MSI MPG A-G PCIE5 850W","MSI","psu","MPG A850G PCIE5","medium"
"psu-msi-msi-mpg-a-g-pcie5-1000w","MSI MPG A-G PCIE5 1000W","MSI","psu","MPG A1000G PCIE5","medium"
"psu-msi-msi-mpg-a-g-pcie5-1250w","MSI MPG A-G PCIE5 1250W","MSI","psu","MPG A1250G PCIE5","medium"
"psu-msi-msi-mag-a-gl-pcie5-650w","MSI MAG A-GL PCIE5 650W","MSI","psu","MAG A650GL PCIE5","medium"
"psu-msi-msi-mag-a-gl-pcie5-750w","MSI MAG A-GL PCIE5 750W","MSI","psu","MAG A750GL PCIE5","medium"
"psu-msi-msi-mag-a-gl-pcie5-850w","MSI MAG A-GL PCIE5 850W","MSI","psu","MAG A850GL PCIE5","medium"
"psu-msi-msi-mag-a-gl-pcie5-1000w","MSI MAG A-GL PCIE5 1000W","MSI","psu","MAG A1000GL PCIE5","medium"
"psu-msi-msi-mag-a-gl-pcie5-1200w","MSI MAG A-GL PCIE5 1200W","MSI","psu","MAG A1200GL PCIE5","medium"
"psu-msi-msi-mag-a-bn-550w","MSI MAG A-BN 550W","MSI","psu","MAG A550BN","medium"
"psu-msi-msi-mag-a-bn-650w","MSI MAG A-BN 650W","MSI","psu","MAG A650BN","medium"
"psu-msi-msi-mag-a-bn-750w","MSI MAG A-BN 750W","MSI","psu","MAG A750BN","medium"
"psu-msi-msi-mag-a-pls-pcie5-1000w","MSI MAG A-PLS PCIE5 1000W","MSI","psu","MAG A1000PCIE5","medium"
"psu-msi-msi-mag-a-pls-pcie5-1200w","MSI MAG A-PLS PCIE5 1200W","MSI","psu","MAG A1200PCIE5","medium"
"case-asus-rog-hyperion-gr701","ROG Hyperion GR701","ASUS","case","90DC00F0-B39000","medium"
"case-asus-rog-strix-helios","ROG Strix Helios","ASUS","case","90DC0020-B39000","medium"
"case-asus-tuf-gaming-gt501","TUF Gaming GT501","ASUS","case","90DC0012-B39000","medium"
"case-asus-tuf-gaming-gt502","TUF Gaming GT502","ASUS","case","90DC0090-B39000","medium"
"case-asus-tuf-gaming-gt302-argb","TUF Gaming GT302 ARGB","ASUS","case","90DC00D0-B39000","low"
"case-asus-prime-ap201","Prime AP201","ASUS","case","90DC00G0-B39000","low"
"case-asus-prime-ap202","Prime AP202","ASUS","case","","unknown"
"case-asus-proart-pa602","ProArt PA602","ASUS","case","90DC00F0-B39000","medium"
"case-asus-proart-pa602-wood-edition","ProArt PA602 Wood Edition","ASUS","case","90DC00F1-B39000","low"
"case-asus-rog-cronox","ROG Cronox","ASUS","case","90DC0100-B39000","low"
"case-msi-meg-prospect-700r","MEG Prospect 700R","MSI","case","MEG PROSPECT 700R","medium"
"case-msi-mpg-gungnir-110r","MPG Gungnir 110R","MSI","case","MPG GUNGNIR 110R","medium"
"case-msi-mpg-gungnir-300r-airflow","MPG Gungnir 300R Airflow","MSI","case","MPG GUNGNIR 300R AIRFLOW","medium"
"case-msi-mag-forge-100r","MAG Forge 100R","MSI","case","MAG FORGE 100R","medium"
"case-msi-mag-forge-112r","MAG Forge 112R","MSI","case","MAG FORGE 112R","medium"
"case-msi-mag-forge-320r-airflow","MAG Forge 320R Airflow","MSI","case","MAG FORGE 320R AIRFLOW","medium"
"case-msi-mag-pano-100r-pz","MAG Pano 100R PZ","MSI","case","MAG PANO 100R PZ","medium"
"case-msi-meg-maestro-900r","MEG Maestro 900R","MSI","case","MEG Maestro 900R","medium"
"case-msi-mpg-vixta-300r-airflow-pz","MPG VIXTA 300R Airflow PZ","MSI","case","MPG VIXTA 300R Airflow PZ","medium"
"cooler-asus-rog-ryujin-ii-240","ROG Ryujin II 240","ASUS","cooler","90RC00D1-M0UAY0","medium"
"cooler-asus-rog-ryujin-ii-360","ROG Ryujin II 360","ASUS","cooler","90RC00D2-M0UAY0","medium"
"cooler-asus-rog-ryujin-iii-240-argb","ROG Ryujin III 240 ARGB","ASUS","cooler","90RC00F1-M0UAY0","low"
"cooler-asus-rog-ryujin-iii-360-argb","ROG Ryujin III 360 ARGB","ASUS","cooler","90RC00F2-M0UAY0","low"
"cooler-asus-rog-strix-lc-ii-240-argb","ROG Strix LC II 240 ARGB","ASUS","cooler","90RC00B1-M0UAY0","medium"
"cooler-asus-rog-strix-lc-ii-360-argb","ROG Strix LC II 360 ARGB","ASUS","cooler","90RC00B2-M0UAY0","medium"
"cooler-asus-rog-strix-lc-iii-360-argb","ROG Strix LC III 360 ARGB","ASUS","cooler","90RC00E1-M0UAY0","low"
"cooler-asus-rog-strix-lc-iv-360-argb","ROG Strix LC IV 360 ARGB","ASUS","cooler","","unknown"
"cooler-asus-tuf-gaming-lc-ii-240-argb","TUF Gaming LC II 240 ARGB","ASUS","cooler","90RC00D1-M0UAY0","medium"
"cooler-asus-tuf-gaming-lc-ii-360-argb","TUF Gaming LC II 360 ARGB","ASUS","cooler","90RC00D2-M0UAY0","medium"
"cooler-asus-tuf-gaming-lc-iii-240-argb","TUF Gaming LC III 240 ARGB","ASUS","cooler","90RC00E1-M0UAY0","medium"
"cooler-asus-tuf-gaming-lc-iii-360-argb","TUF Gaming LC III 360 ARGB","ASUS","cooler","90RC00E2-M0UAY0","medium"
"cooler-asus-prime-lc-240-argb","Prime LC 240 ARGB","ASUS","cooler","90RC0030-M0UAY0","medium"
"cooler-asus-prime-lc-360-argb","Prime LC 360 ARGB","ASUS","cooler","90RC0040-M0UAY0","medium"
"cooler-asus-proart-lc-360","ProArt LC 360","ASUS","cooler","90RC00B1-M0UAY0","low"
"cooler-msi-mag-coreliquid-240r-v2","MAG CoreLiquid 240R V2","MSI","cooler","MAG CORELIQUID 240R V2","medium"
"cooler-msi-mag-coreliquid-360r-v2","MAG CoreLiquid 360R V2","MSI","cooler","MAG CORELIQUID 360R V2","medium"
"cooler-msi-mag-coreliquid-c240","MAG CoreLiquid C240","MSI","cooler","MAG CORELIQUID C240","medium"
"cooler-msi-mag-coreliquid-c360","MAG CoreLiquid C360","MSI","cooler","MAG CORELIQUID C360","medium"
"cooler-msi-mpg-coreliquid-k240","MPG CoreLiquid K240","MSI","cooler","MPG CORELIQUID K240","medium"
"cooler-msi-mpg-coreliquid-k360","MPG CoreLiquid K360","MSI","cooler","MPG CORELIQUID K360","medium"
"cooler-msi-meg-coreliquid-s280","MEG CoreLiquid S280","MSI","cooler","MEG CORELIQUID S280","medium"
"cooler-msi-meg-coreliquid-s360","MEG CoreLiquid S360","MSI","cooler","MEG CORELIQUID S360","medium"
"cooler-msi-mag-coreliquid-e240","MAG CoreLiquid E240","MSI","cooler","MAG CORELIQUID E240","medium"
"cooler-msi-mag-coreliquid-e360","MAG CoreLiquid E360","MSI","cooler","MAG CORELIQUID E360","medium"
"cooler-msi-mag-coreliquid-a13-240","MAG CoreLiquid A13 240","MSI","cooler","MAG CORELIQUID A13 240","medium"
"cooler-msi-mag-coreliquid-a13-360","MAG CoreLiquid A13 360","MSI","cooler","MAG CORELIQUID A13 360","medium"
"cooler-msi-mpg-corefrozr-ap15","MPG CoreFrozr AP15","MSI","cooler","MPG COREFROZR AP15","medium"
"cooler-msi-mpg-corefrozr-ap17","MPG CoreFrozr AP17","MSI","cooler","MPG COREFROZR AP17","medium"
"monitor-samsung-samsung-odyssey-g3-24","Samsung Odyssey G3 24","Samsung","monitor","LS24AG300NNXZA","medium"
"monitor-samsung-samsung-odyssey-g4-25","Samsung Odyssey G4 25","Samsung","monitor","LS25BG400ENXZA","medium"
"monitor-samsung-samsung-odyssey-g5-27","Samsung Odyssey G5 27","Samsung","monitor","LS27AG500PNXZA","medium"
"monitor-samsung-samsung-odyssey-g6-27","Samsung Odyssey G6 27","Samsung","monitor","LS27BG650ENXZA","medium"
"monitor-samsung-samsung-odyssey-g7-32","Samsung Odyssey G7 32","Samsung","monitor","LS32BG700ENXZA","medium"
"monitor-samsung-samsung-odyssey-oled-g8-34","Samsung Odyssey OLED G8 34","Samsung","monitor","LS34BG850SNXZA","medium"
"monitor-samsung-samsung-odyssey-oled-g9-49","Samsung Odyssey OLED G9 49","Samsung","monitor","LS49CG954SNXZA","medium"
"monitor-samsung-samsung-odyssey-neo-g8-32","Samsung Odyssey Neo G8 32","Samsung","monitor","LS32BG850NNXZA","medium"
"monitor-samsung-samsung-odyssey-neo-g9-57","Samsung Odyssey Neo G9 57","Samsung","monitor","LS57CG952NNXZA","low"
"monitor-samsung-samsung-viewfinity-s8-32","Samsung ViewFinity S8 32","Samsung","monitor","LS32B800PXNXGO","medium"
"monitor-asus-asus-tuf-gaming-vg249q1a","ASUS TUF Gaming VG249Q1A","ASUS","monitor","VG249Q1A","high"
"monitor-asus-asus-tuf-gaming-vg27aq","ASUS TUF Gaming VG27AQ","ASUS","monitor","VG27AQ","high"
"monitor-asus-asus-rog-swift-pg259qn","ASUS ROG Swift PG259QN","ASUS","monitor","PG259QN","high"
"monitor-asus-asus-rog-strix-xg27aq","ASUS ROG Strix XG27AQ","ASUS","monitor","XG27AQ","high"
"monitor-asus-asus-rog-swift-pg32uqx","ASUS ROG Swift PG32UQX","ASUS","monitor","PG32UQX","high"
"monitor-asus-asus-proart-pa279cv","ASUS ProArt PA279CV","ASUS","monitor","PA279CV","high"
"monitor-asus-asus-rog-swift-oled-pg27aqdm","ASUS ROG Swift OLED PG27AQDM","ASUS","monitor","PG27AQDM","high"
"monitor-asus-asus-rog-swift-oled-pg32ucdm","ASUS ROG Swift OLED PG32UCDM","ASUS","monitor","PG32UCDM","high"
"monitor-asus-asus-rog-swift-oled-pg27ucdm","ASUS ROG Swift OLED PG27UCDM","ASUS","monitor","PG27UCDM","high"
"monitor-asus-asus-tuf-gaming-vg32uqa1a","ASUS TUF Gaming VG32UQA1A","ASUS","monitor","VG32UQA1A","high"
"monitor-msi-msi-optix-g241","MSI Optix G241","MSI","monitor","Optix G241","medium"
"monitor-msi-msi-optix-mag274qrf-qd","MSI Optix MAG274QRF-QD","MSI","monitor","MAG274QRF-QD","high"
"monitor-msi-msi-optix-mpg321ur-qd","MSI Optix MPG321UR-QD","MSI","monitor","MPG321UR-QD","high"
"monitor-msi-msi-g274qpf-qd","MSI G274QPF-QD","MSI","monitor","G274QPF-QD","high"
"monitor-msi-msi-mag-274upf","MSI MAG 274UPF","MSI","monitor","MAG274UPF","medium"
"monitor-msi-msi-mpg-271qrx-qd-oled","MSI MPG 271QRX QD-OLED","MSI","monitor","MPG271QRX-QD","medium"
"monitor-msi-msi-mpg-321urx-qd-oled","MSI MPG 321URX QD-OLED","MSI","monitor","MPG321URX-QD","medium"
"monitor-msi-msi-mag-341cqp-qd-oled","MSI MAG 341CQP QD-OLED","MSI","monitor","MAG341CQP-QD","medium"
"monitor-msi-msi-mag-272qp-qd-oled-x24","MSI MAG 272QP QD-OLED X24","MSI","monitor","MAG272QP-QD","low"
"monitor-msi-msi-mpg-322urx-qd-oled","MSI MPG 322URX QD-OLED","MSI","monitor","MPG322URX","medium"
"mouse-logitech-logitech-g-pro-wireless","Logitech G Pro Wireless","Logitech","mouse","910-005272","medium"
"mouse-logitech-logitech-g-pro-x-superlight","Logitech G Pro X Superlight","Logitech","mouse","910-005878","medium"
"mouse-logitech-logitech-g-pro-x-superlight-2","Logitech G Pro X Superlight 2","Logitech","mouse","910-006631","medium"
"mouse-logitech-logitech-g502-hero","Logitech G502 HERO","Logitech","mouse","910-005470","high"
"mouse-logitech-logitech-g502-x","Logitech G502 X","Logitech","mouse","910-006140","medium"
"mouse-logitech-logitech-g502-x-lightspeed","Logitech G502 X Lightspeed","Logitech","mouse","910-006180","medium"
"mouse-logitech-logitech-g305-lightspeed","Logitech G305 Lightspeed","Logitech","mouse","910-005283","medium"
"mouse-logitech-logitech-g703-lightspeed","Logitech G703 Lightspeed","Logitech","mouse","910-005640","medium"
"mouse-logitech-logitech-g309-lightspeed","Logitech G309 Lightspeed","Logitech","mouse","910-007198","low"
"mouse-logitech-logitech-mx-master-3s","Logitech MX Master 3S","Logitech","mouse","910-006556","high"
"mouse-razer-razer-deathadder-v2","Razer DeathAdder V2","Razer","mouse","RZ01-03210100-R3U1","high"
"mouse-razer-razer-deathadder-v3","Razer DeathAdder V3","Razer","mouse","RZ01-04640100-R3U1","high"
"mouse-razer-razer-deathadder-v3-pro","Razer DeathAdder V3 Pro","Razer","mouse","RZ01-04630100-R3A1","high"
"mouse-razer-razer-viper-v2-pro","Razer Viper V2 Pro","Razer","mouse","RZ01-04300100-R3U1","high"
"mouse-razer-razer-viper-v3-pro","Razer Viper V3 Pro","Razer","mouse","RZ01-04730200-R3U1","medium"
"mouse-razer-razer-viper-v4-pro","Razer Viper V4 Pro","Razer","mouse","RZ01-05080100-R3U1","medium"
"mouse-razer-razer-basilisk-v3","Razer Basilisk V3","Razer","mouse","RZ01-04000100-R3U1","high"
"mouse-razer-razer-basilisk-v3-pro","Razer Basilisk V3 Pro","Razer","mouse","RZ01-04620100-R3A1","high"
"mouse-razer-razer-naga-v2-pro","Razer Naga V2 Pro","Razer","mouse","RZ01-04400100-R3A1","high"
"mouse-razer-razer-cobra-pro","Razer Cobra Pro","Razer","mouse","RZ01-0431000-R3U1","medium"
"keyboard-logitech-logitech-g-pro-x-keyboard","Logitech G Pro X Keyboard","Logitech","keyboard","920-009239","medium"
"keyboard-logitech-logitech-g-pro-x-tkl","Logitech G Pro X TKL","Logitech","keyboard","920-011362","medium"
"keyboard-logitech-logitech-g915-lightspeed","Logitech G915 Lightspeed","Logitech","keyboard","920-008983","medium"
"keyboard-logitech-logitech-g915-tkl","Logitech G915 TKL","Logitech","keyboard","920-009518","medium"
"keyboard-logitech-logitech-g715","Logitech G715","Logitech","keyboard","920-010722","medium"
"keyboard-logitech-logitech-mx-keys","Logitech MX Keys","Logitech","keyboard","920-009294","medium"
"keyboard-logitech-logitech-mx-mechanical","Logitech MX Mechanical","Logitech","keyboard","920-010550","medium"
"keyboard-logitech-logitech-g515-lightspeed-tkl","Logitech G515 Lightspeed TKL","Logitech","keyboard","920-012090","low"
"keyboard-razer-razer-blackwidow-v3","Razer BlackWidow V3","Razer","keyboard","RZ03-03540200-R3U1","medium"
"keyboard-razer-razer-blackwidow-v4","Razer BlackWidow V4","Razer","keyboard","RZ03-04690100-R3M1","medium"
"keyboard-razer-razer-blackwidow-v4-75","Razer BlackWidow V4 75%","Razer","keyboard","RZ03-04920100-R3M1","medium"
"keyboard-razer-razer-blackwidow-v4-pro","Razer BlackWidow V4 Pro","Razer","keyboard","RZ03-04690200-R3M1","medium"
"keyboard-razer-razer-huntsman-mini","Razer Huntsman Mini","Razer","keyboard","RZ03-03390200-R3U1","medium"
"keyboard-razer-razer-huntsman-v2","Razer Huntsman V2","Razer","keyboard","RZ03-03930300-R3U1","medium"
"keyboard-razer-razer-huntsman-v3-pro","Razer Huntsman V3 Pro","Razer","keyboard","RZ03-04680100-R3U1","medium"
"keyboard-razer-razer-deathstalker-v2-pro","Razer DeathStalker V2 Pro","Razer","keyboard","RZ03-04360100-R3U1","medium"
"keyboard-razer-razer-ornata-v3","Razer Ornata V3","Razer","keyboard","RZ03-04461100-R3U1","medium"
"keyboard-razer-razer-huntsman-signature-edition","Razer Huntsman Signature Edition","Razer","keyboard","","unknown"